run_accession,experiment_accession,sample_accession,study_accession,sample_alias,library_name,library_strategy,library_source,library_selection,library_layout,instrument_platform,instrument_model,read_count,base_count,fastq_ftp,fastq_md5,fastq_bytes,submitted_ftp,queried_accession,fastq_r1_ftp,fastq_r2_ftp,fastq_r1_https,fastq_r2_https,fastq_r1_md5,fastq_r2_md5,fastq_r1_bytes,fastq_r2_bytes,total_fastq_gb
SRR17491491,SRX13661779,SAMN24730007,PRJNA795502,GSM5778054,GSM5778054,RNA-Seq,TRANSCRIPTOMIC,cDNA,PAIRED,ILLUMINA,Illumina HiSeq 4000,50729883,15218964900,ftp.sra.ebi.ac.uk/vol1/fastq/SRR174/091/SRR17491491/SRR17491491_1.fastq.gz;ftp.sra.ebi.ac.uk/vol1/fastq/SRR174/091/SRR17491491/SRR17491491_2.fastq.gz,338079a6966f186eb54eca7ccd924f6d;812b16df54a013a14125bf8f145d6b38,3837694936;4245825738,,GSE193258,ftp.sra.ebi.ac.uk/vol1/fastq/SRR174/091/SRR17491491/SRR17491491_1.fastq.gz,ftp.sra.ebi.ac.uk/vol1/fastq/SRR174/091/SRR17491491/SRR17491491_2.fastq.gz,https://ftp.sra.ebi.ac.uk/vol1/fastq/SRR174/091/SRR17491491/SRR17491491_1.fastq.gz,https://ftp.sra.ebi.ac.uk/vol1/fastq/SRR174/091/SRR17491491/SRR17491491_2.fastq.gz,338079a6966f186eb54eca7ccd924f6d,812b16df54a013a14125bf8f145d6b38,3837694936.0,4245825738.0,8.08
SRR17491492,SRX13661778,SAMN24730008,PRJNA795502,GSM5778053,GSM5778053,RNA-Seq,TRANSCRIPTOMIC,cDNA,PAIRED,ILLUMINA,Illumina HiSeq 4000,45192789,13557836700,ftp.sra.ebi.ac.uk/vol1/fastq/SRR174/092/SRR17491492/SRR17491492_1.fastq.gz;ftp.sra.ebi.ac.uk/vol1/fastq/SRR174/092/SRR17491492/SRR17491492_2.fastq.gz,ed8c899f58ad39aa222d328f2e88b7cb;c03e16980121010e5c8617946c0e33b0,3704588769;3862251004,,GSE193258,ftp.sra.ebi.ac.uk/vol1/fastq/SRR174/092/SRR17491492/SRR17491492_1.fastq.gz,ftp.sra.ebi.ac.uk/vol1/fastq/SRR174/092/SRR17491492/SRR17491492_2.fastq.gz,https://ftp.sra.ebi.ac.uk/vol1/fastq/SRR174/092/SRR17491492/SRR17491492_1.fastq.gz,https://ftp.sra.ebi.ac.uk/vol1/fastq/SRR174/092/SRR17491492/SRR17491492_2.fastq.gz,ed8c899f58ad39aa222d328f2e88b7cb,c03e16980121010e5c8617946c0e33b0,3704588769.0,3862251004.0,7.57
SRR17491501,SRX13661768,SAMN24730018,PRJNA795502,GSM5778043,GSM5778043,RNA-Seq,TRANSCRIPTOMIC,cDNA,PAIRED,ILLUMINA,Illumina HiSeq 4000,47807172,14342151600,ftp.sra.ebi.ac.uk/vol1/fastq/SRR174/001/SRR17491501/SRR17491501_1.fastq.gz;ftp.sra.ebi.ac.uk/vol1/fastq/SRR174/001/SRR17491501/SRR17491501_2.fastq.gz,8a608ecf79e5c7fc3149177c448c823f;b664b627a095d4863edf888be8cf475d,3673355420;4021519591,,GSE193258,ftp.sra.ebi.ac.uk/vol1/fastq/SRR174/001/SRR17491501/SRR17491501_1.fastq.gz,ftp.sra.ebi.ac.uk/vol1/fastq/SRR174/001/SRR17491501/SRR17491501_2.fastq.gz,https://ftp.sra.ebi.ac.uk/vol1/fastq/SRR174/001/SRR17491501/SRR17491501_1.fastq.gz,https://ftp.sra.ebi.ac.uk/vol1/fastq/SRR174/001/SRR17491501/SRR17491501_2.fastq.gz,8a608ecf79e5c7fc3149177c448c823f,b664b627a095d4863edf888be8cf475d,3673355420.0,4021519591.0,7.69
SRR17491504,SRX13661769,SAMN24730017,PRJNA795502,GSM5778044,GSM5778044,RNA-Seq,TRANSCRIPTOMIC,cDNA,PAIRED,ILLUMINA,Illumina HiSeq 4000,44566506,13369951800,ftp.sra.ebi.ac.uk/vol1/fastq/SRR174/004/SRR17491504/SRR17491504_1.fastq.gz;ftp.sra.ebi.ac.uk/vol1/fastq/SRR174/004/SRR17491504/SRR17491504_2.fastq.gz,c2aa4cd3a1500e0101c0ec22f1638df6;4e5ece07aad767f33007a62078f61af9,3645806073;3780217204,,GSE193258,ftp.sra.ebi.ac.uk/vol1/fastq/SRR174/004/SRR17491504/SRR17491504_1.fastq.gz,ftp.sra.ebi.ac.uk/vol1/fastq/SRR174/004/SRR17491504/SRR17491504_2.fastq.gz,https://ftp.sra.ebi.ac.uk/vol1/fastq/SRR174/004/SRR17491504/SRR17491504_1.fastq.gz,https://ftp.sra.ebi.ac.uk/vol1/fastq/SRR174/004/SRR17491504/SRR17491504_2.fastq.gz,c2aa4cd3a1500e0101c0ec22f1638df6,4e5ece07aad767f33007a62078f61af9,3645806073.0,3780217204.0,7.43
SRR17491506,SRX13661764,SAMN24730022,PRJNA795502,GSM5778039,GSM5778039,RNA-Seq,TRANSCRIPTOMIC,cDNA,PAIRED,ILLUMINA,Illumina HiSeq 4000,23743105,7122931500,ftp.sra.ebi.ac.uk/vol1/fastq/SRR174/006/SRR17491506/SRR17491506_1.fastq.gz;ftp.sra.ebi.ac.uk/vol1/fastq/SRR174/006/SRR17491506/SRR17491506_2.fastq.gz,c8d7b78e402d76dd1e7ed460d33cf87f;93af44cf9a2b5ece4af6caad8facd601,1920540149;2008031620,,GSE193258,ftp.sra.ebi.ac.uk/vol1/fastq/SRR174/006/SRR17491506/SRR17491506_1.fastq.gz,ftp.sra.ebi.ac.uk/vol1/fastq/SRR174/006/SRR17491506/SRR17491506_2.fastq.gz,https://ftp.sra.ebi.ac.uk/vol1/fastq/SRR174/006/SRR17491506/SRR17491506_1.fastq.gz,https://ftp.sra.ebi.ac.uk/vol1/fastq/SRR174/006/SRR17491506/SRR17491506_2.fastq.gz,c8d7b78e402d76dd1e7ed460d33cf87f,93af44cf9a2b5ece4af6caad8facd601,1920540149.0,2008031620.0,3.93
SRR17491509,SRX13661761,SAMN24730025,PRJNA795502,GSM5778036,GSM5778036,RNA-Seq,TRANSCRIPTOMIC,cDNA,PAIRED,ILLUMINA,Illumina HiSeq 4000,25247683,7574304900,ftp.sra.ebi.ac.uk/vol1/fastq/SRR174/009/SRR17491509/SRR17491509_1.fastq.gz;ftp.sra.ebi.ac.uk/vol1/fastq/SRR174/009/SRR17491509/SRR17491509_2.fastq.gz,eb84260f789accbf2109245b4532d07b;537edb08dfc7d4a32502914cdfd09a30,2024061895;2086124724,,GSE193258,ftp.sra.ebi.ac.uk/vol1/fastq/SRR174/009/SRR17491509/SRR17491509_1.fastq.gz,ftp.sra.ebi.ac.uk/vol1/fastq/SRR174/009/SRR17491509/SRR17491509_2.fastq.gz,https://ftp.sra.ebi.ac.uk/vol1/fastq/SRR174/009/SRR17491509/SRR17491509_1.fastq.gz,https://ftp.sra.ebi.ac.uk/vol1/fastq/SRR174/009/SRR17491509/SRR17491509_2.fastq.gz,eb84260f789accbf2109245b4532d07b,537edb08dfc7d4a32502914cdfd09a30,2024061895.0,2086124724.0,4.11
SRR17491514,SRX13661756,SAMN24730030,PRJNA795502,GSM5778031,GSM5778031,RNA-Seq,TRANSCRIPTOMIC,cDNA,PAIRED,ILLUMINA,Illumina HiSeq 4000,22921307,6876392100,ftp.sra.ebi.ac.uk/vol1/fastq/SRR174/014/SRR17491514/SRR17491514_1.fastq.gz;ftp.sra.ebi.ac.uk/vol1/fastq/SRR174/014/SRR17491514/SRR17491514_2.fastq.gz,93d2983bced7f487cd536200af01ade0;d4e2c11a403cf629200183a99a5563b9,1712021867;1908930787,,GSE193258,ftp.sra.ebi.ac.uk/vol1/fastq/SRR174/014/SRR17491514/SRR17491514_1.fastq.gz,ftp.sra.ebi.ac.uk/vol1/fastq/SRR174/014/SRR17491514/SRR17491514_2.fastq.gz,https://ftp.sra.ebi.ac.uk/vol1/fastq/SRR174/014/SRR17491514/SRR17491514_1.fastq.gz,https://ftp.sra.ebi.ac.uk/vol1/fastq/SRR174/014/SRR17491514/SRR17491514_2.fastq.gz,93d2983bced7f487cd536200af01ade0,d4e2c11a403cf629200183a99a5563b9,1712021867.0,1908930787.0,3.62
SRR17491515,SRX13661755,SAMN24730031,PRJNA795502,GSM5778030,GSM5778030,RNA-Seq,TRANSCRIPTOMIC,cDNA,PAIRED,ILLUMINA,Illumina HiSeq 4000,23099799,6929939700,ftp.sra.ebi.ac.uk/vol1/fastq/SRR174/015/SRR17491515/SRR17491515_1.fastq.gz;ftp.sra.ebi.ac.uk/vol1/fastq/SRR174/015/SRR17491515/SRR17491515_2.fastq.gz,61bca5619d74353912c128a57fad63e4;7e63033f63d849eb894b8e7aaee3c63a,1859157200;1934068649,,GSE193258,ftp.sra.ebi.ac.uk/vol1/fastq/SRR174/015/SRR17491515/SRR17491515_1.fastq.gz,ftp.sra.ebi.ac.uk/vol1/fastq/SRR174/015/SRR17491515/SRR17491515_2.fastq.gz,https://ftp.sra.ebi.ac.uk/vol1/fastq/SRR174/015/SRR17491515/SRR17491515_1.fastq.gz,https://ftp.sra.ebi.ac.uk/vol1/fastq/SRR174/015/SRR17491515/SRR17491515_2.fastq.gz,61bca5619d74353912c128a57fad63e4,7e63033f63d849eb894b8e7aaee3c63a,1859157200.0,1934068649.0,3.79
SRR17491516,SRX13661754,SAMN24730032,PRJNA795502,GSM5778029,GSM5778029,RNA-Seq,TRANSCRIPTOMIC,cDNA,PAIRED,ILLUMINA,Illumina HiSeq 4000,23752802,7125840600,ftp.sra.ebi.ac.uk/vol1/fastq/SRR174/016/SRR17491516/SRR17491516_1.fastq.gz;ftp.sra.ebi.ac.uk/vol1/fastq/SRR174/016/SRR17491516/SRR17491516_2.fastq.gz,c30859cf6833c92b8db3e017020a778c;ae4778c26f9ee921b8b9110761b1e62a,1918255012;2003393096,,GSE193258,ftp.sra.ebi.ac.uk/vol1/fastq/SRR174/016/SRR17491516/SRR17491516_1.fastq.gz,ftp.sra.ebi.ac.uk/vol1/fastq/SRR174/016/SRR17491516/SRR17491516_2.fastq.gz,https://ftp.sra.ebi.ac.uk/vol1/fastq/SRR174/016/SRR17491516/SRR17491516_1.fastq.gz,https://ftp.sra.ebi.ac.uk/vol1/fastq/SRR174/016/SRR17491516/SRR17491516_2.fastq.gz,c30859cf6833c92b8db3e017020a778c,ae4778c26f9ee921b8b9110761b1e62a,1918255012.0,2003393096.0,3.92
SRR17491519,SRX13661751,SAMN24730035,PRJNA795502,GSM5778026,GSM5778026,RNA-Seq,TRANSCRIPTOMIC,cDNA,PAIRED,ILLUMINA,Illumina HiSeq 4000,24830971,7449291300,ftp.sra.ebi.ac.uk/vol1/fastq/SRR174/019/SRR17491519/SRR17491519_1.fastq.gz;ftp.sra.ebi.ac.uk/vol1/fastq/SRR174/019/SRR17491519/SRR17491519_2.fastq.gz,ee6defac3b7b138f4b3a02a3f13e11a1;8c40452620dbca04f3148b1de0a4f084,2021924352;2131123553,,GSE193258,ftp.sra.ebi.ac.uk/vol1/fastq/SRR174/019/SRR17491519/SRR17491519_1.fastq.gz,ftp.sra.ebi.ac.uk/vol1/fastq/SRR174/019/SRR17491519/SRR17491519_2.fastq.gz,https://ftp.sra.ebi.ac.uk/vol1/fastq/SRR174/019/SRR17491519/SRR17491519_1.fastq.gz,https://ftp.sra.ebi.ac.uk/vol1/fastq/SRR174/019/SRR17491519/SRR17491519_2.fastq.gz,ee6defac3b7b138f4b3a02a3f13e11a1,8c40452620dbca04f3148b1de0a4f084,2021924352.0,2131123553.0,4.15
SRR17491522,SRX13661748,SAMN24730038,PRJNA795502,GSM5778023,GSM5778023,RNA-Seq,TRANSCRIPTOMIC,cDNA,PAIRED,ILLUMINA,Illumina HiSeq 4000,26985372,8095611600,ftp.sra.ebi.ac.uk/vol1/fastq/SRR174/022/SRR17491522/SRR17491522_1.fastq.gz;ftp.sra.ebi.ac.uk/vol1/fastq/SRR174/022/SRR17491522/SRR17491522_2.fastq.gz,9a9bf29952d9a703661a960c89692663;d9c468775054372efab6b1d56343f06a,2018511800;2273082743,,GSE193258,ftp.sra.ebi.ac.uk/vol1/fastq/SRR174/022/SRR17491522/SRR17491522_1.fastq.gz,ftp.sra.ebi.ac.uk/vol1/fastq/SRR174/022/SRR17491522/SRR17491522_2.fastq.gz,https://ftp.sra.ebi.ac.uk/vol1/fastq/SRR174/022/SRR17491522/SRR17491522_1.fastq.gz,https://ftp.sra.ebi.ac.uk/vol1/fastq/SRR174/022/SRR17491522/SRR17491522_2.fastq.gz,9a9bf29952d9a703661a960c89692663,d9c468775054372efab6b1d56343f06a,2018511800.0,2273082743.0,4.29
SRR17491523,SRX13661747,SAMN24730039,PRJNA795502,GSM5778022,GSM5778022,RNA-Seq,TRANSCRIPTOMIC,cDNA,PAIRED,ILLUMINA,Illumina HiSeq 4000,25315055,7594516500,ftp.sra.ebi.ac.uk/vol1/fastq/SRR174/023/SRR17491523/SRR17491523_1.fastq.gz;ftp.sra.ebi.ac.uk/vol1/fastq/SRR174/023/SRR17491523/SRR17491523_2.fastq.gz,ab42fd1a86990f55e1b56dd6d1a05587;63617a81e4376fc940e8c12101df61cd,1916159676;2133208007,,GSE193258,ftp.sra.ebi.ac.uk/vol1/fastq/SRR174/023/SRR17491523/SRR17491523_1.fastq.gz,ftp.sra.ebi.ac.uk/vol1/fastq/SRR174/023/SRR17491523/SRR17491523_2.fastq.gz,https://ftp.sra.ebi.ac.uk/vol1/fastq/SRR174/023/SRR17491523/SRR17491523_1.fastq.gz,https://ftp.sra.ebi.ac.uk/vol1/fastq/SRR174/023/SRR17491523/SRR17491523_2.fastq.gz,ab42fd1a86990f55e1b56dd6d1a05587,63617a81e4376fc940e8c12101df61cd,1916159676.0,2133208007.0,4.05
SRR17491525,SRX13661745,SAMN24730041,PRJNA795502,GSM5778020,GSM5778020,RNA-Seq,TRANSCRIPTOMIC,cDNA,PAIRED,ILLUMINA,Illumina HiSeq 4000,28618421,8585526300,ftp.sra.ebi.ac.uk/vol1/fastq/SRR174/025/SRR17491525/SRR17491525_1.fastq.gz;ftp.sra.ebi.ac.uk/vol1/fastq/SRR174/025/SRR17491525/SRR17491525_2.fastq.gz,446997ad385d33f8c8917301fd5568a5;a7c20064cb03b65b4cdf6f3ce89ddb65,2140908813;2404573197,,GSE193258,ftp.sra.ebi.ac.uk/vol1/fastq/SRR174/025/SRR17491525/SRR17491525_1.fastq.gz,ftp.sra.ebi.ac.uk/vol1/fastq/SRR174/025/SRR17491525/SRR17491525_2.fastq.gz,https://ftp.sra.ebi.ac.uk/vol1/fastq/SRR174/025/SRR17491525/SRR17491525_1.fastq.gz,https://ftp.sra.ebi.ac.uk/vol1/fastq/SRR174/025/SRR17491525/SRR17491525_2.fastq.gz,446997ad385d33f8c8917301fd5568a5,a7c20064cb03b65b4cdf6f3ce89ddb65,2140908813.0,2404573197.0,4.55
SRR17491530,SRX13661740,SAMN24730046,PRJNA795502,GSM5778015,GSM5778015,RNA-Seq,TRANSCRIPTOMIC,cDNA,PAIRED,ILLUMINA,Illumina HiSeq 4000,27917266,8375179800,ftp.sra.ebi.ac.uk/vol1/fastq/SRR174/030/SRR17491530/SRR17491530_1.fastq.gz;ftp.sra.ebi.ac.uk/vol1/fastq/SRR174/030/SRR17491530/SRR17491530_2.fastq.gz,4c593151b8d6b53c107f58f81b6e698d;ac264b0cb6a834384a83fb0203a96a11,2083995787;2340462842,,GSE193258,ftp.sra.ebi.ac.uk/vol1/fastq/SRR174/030/SRR17491530/SRR17491530_1.fastq.gz,ftp.sra.ebi.ac.uk/vol1/fastq/SRR174/030/SRR17491530/SRR17491530_2.fastq.gz,https://ftp.sra.ebi.ac.uk/vol1/fastq/SRR174/030/SRR17491530/SRR17491530_1.fastq.gz,https://ftp.sra.ebi.ac.uk/vol1/fastq/SRR174/030/SRR17491530/SRR17491530_2.fastq.gz,4c593151b8d6b53c107f58f81b6e698d,ac264b0cb6a834384a83fb0203a96a11,2083995787.0,2340462842.0,4.42
SRR17491538,SRX13661732,SAMN24730054,PRJNA795502,GSM5778007,GSM5778007,RNA-Seq,TRANSCRIPTOMIC,cDNA,PAIRED,ILLUMINA,Illumina HiSeq 4000,53718791,16115637300,ftp.sra.ebi.ac.uk/vol1/fastq/SRR174/038/SRR17491538/SRR17491538_1.fastq.gz;ftp.sra.ebi.ac.uk/vol1/fastq/SRR174/038/SRR17491538/SRR17491538_2.fastq.gz,427967c1b004767d843bb644c3668728;6fb5ab4c8252e402e599b99996aac3a9,4103318848;4835191226,,GSE193258,ftp.sra.ebi.ac.uk/vol1/fastq/SRR174/038/SRR17491538/SRR17491538_1.fastq.gz,ftp.sra.ebi.ac.uk/vol1/fastq/SRR174/038/SRR17491538/SRR17491538_2.fastq.gz,https://ftp.sra.ebi.ac.uk/vol1/fastq/SRR174/038/SRR17491538/SRR17491538_1.fastq.gz,https://ftp.sra.ebi.ac.uk/vol1/fastq/SRR174/038/SRR17491538/SRR17491538_2.fastq.gz,427967c1b004767d843bb644c3668728,6fb5ab4c8252e402e599b99996aac3a9,4103318848.0,4835191226.0,8.94
SRR17491542,SRX13661727,SAMN24730059,PRJNA795502,GSM5778002,GSM5778002,RNA-Seq,TRANSCRIPTOMIC,cDNA,PAIRED,ILLUMINA,Illumina HiSeq 4000,59884941,17965482300,ftp.sra.ebi.ac.uk/vol1/fastq/SRR174/042/SRR17491542/SRR17491542_1.fastq.gz;ftp.sra.ebi.ac.uk/vol1/fastq/SRR174/042/SRR17491542/SRR17491542_2.fastq.gz,b03dcb72909211dc53832adbea29d512;ae3e75c45064d049fb1832ae5b0978c9,4600198553;5309485705,,GSE193258,ftp.sra.ebi.ac.uk/vol1/fastq/SRR174/042/SRR17491542/SRR17491542_1.fastq.gz,ftp.sra.ebi.ac.uk/vol1/fastq/SRR174/042/SRR17491542/SRR17491542_2.fastq.gz,https://ftp.sra.ebi.ac.uk/vol1/fastq/SRR174/042/SRR17491542/SRR17491542_1.fastq.gz,https://ftp.sra.ebi.ac.uk/vol1/fastq/SRR174/042/SRR17491542/SRR17491542_2.fastq.gz,b03dcb72909211dc53832adbea29d512,ae3e75c45064d049fb1832ae5b0978c9,4600198553.0,5309485705.0,9.91
SRR17491545,SRX13661728,SAMN24730058,PRJNA795502,GSM5778003,GSM5778003,RNA-Seq,TRANSCRIPTOMIC,cDNA,PAIRED,ILLUMINA,Illumina HiSeq 4000,54852926,16455877800,ftp.sra.ebi.ac.uk/vol1/fastq/SRR174/045/SRR17491545/SRR17491545_1.fastq.gz;ftp.sra.ebi.ac.uk/vol1/fastq/SRR174/045/SRR17491545/SRR17491545_2.fastq.gz,93a97fffd7244be7c078aa79135d0be1;3c696c269e642c93d7d7c27a31722136,4197731148;4921406329,,GSE193258,ftp.sra.ebi.ac.uk/vol1/fastq/SRR174/045/SRR17491545/SRR17491545_1.fastq.gz,ftp.sra.ebi.ac.uk/vol1/fastq/SRR174/045/SRR17491545/SRR17491545_2.fastq.gz,https://ftp.sra.ebi.ac.uk/vol1/fastq/SRR174/045/SRR17491545/SRR17491545_1.fastq.gz,https://ftp.sra.ebi.ac.uk/vol1/fastq/SRR174/045/SRR17491545/SRR17491545_2.fastq.gz,93a97fffd7244be7c078aa79135d0be1,3c696c269e642c93d7d7c27a31722136,4197731148.0,4921406329.0,9.12
SRR17491499,SRX13661771,SAMN24730015,PRJNA795502,GSM5778046,GSM5778046,RNA-Seq,TRANSCRIPTOMIC,cDNA,PAIRED,ILLUMINA,Illumina HiSeq 4000,45623822,13687146600,ftp.sra.ebi.ac.uk/vol1/fastq/SRR174/099/SRR17491499/SRR17491499_1.fastq.gz;ftp.sra.ebi.ac.uk/vol1/fastq/SRR174/099/SRR17491499/SRR17491499_2.fastq.gz,084cedc03f7f65ee8634287985b75d63;dd3090ce9ccef3519fa43c060d90b717,3485510632;3804773083,,GSE193258,ftp.sra.ebi.ac.uk/vol1/fastq/SRR174/099/SRR17491499/SRR17491499_1.fastq.gz,ftp.sra.ebi.ac.uk/vol1/fastq/SRR174/099/SRR17491499/SRR17491499_2.fastq.gz,https://ftp.sra.ebi.ac.uk/vol1/fastq/SRR174/099/SRR17491499/SRR17491499_1.fastq.gz,https://ftp.sra.ebi.ac.uk/vol1/fastq/SRR174/099/SRR17491499/SRR17491499_2.fastq.gz,084cedc03f7f65ee8634287985b75d63,dd3090ce9ccef3519fa43c060d90b717,3485510632.0,3804773083.0,7.29
SRR17491503,SRX13661766,SAMN24730020,PRJNA795502,GSM5778041,GSM5778041,RNA-Seq,TRANSCRIPTOMIC,cDNA,PAIRED,ILLUMINA,Illumina HiSeq 4000,45494156,13648246800,ftp.sra.ebi.ac.uk/vol1/fastq/SRR174/003/SRR17491503/SRR17491503_1.fastq.gz;ftp.sra.ebi.ac.uk/vol1/fastq/SRR174/003/SRR17491503/SRR17491503_2.fastq.gz,d302aed3b12134413eeda929e2b05ef8;41765b92bd1741cdf71bfcce8532a932,3746123864;3889506217,,GSE193258,ftp.sra.ebi.ac.uk/vol1/fastq/SRR174/003/SRR17491503/SRR17491503_1.fastq.gz,ftp.sra.ebi.ac.uk/vol1/fastq/SRR174/003/SRR17491503/SRR17491503_2.fastq.gz,https://ftp.sra.ebi.ac.uk/vol1/fastq/SRR174/003/SRR17491503/SRR17491503_1.fastq.gz,https://ftp.sra.ebi.ac.uk/vol1/fastq/SRR174/003/SRR17491503/SRR17491503_2.fastq.gz,d302aed3b12134413eeda929e2b05ef8,41765b92bd1741cdf71bfcce8532a932,3746123864.0,3889506217.0,7.64
SRR17491507,SRX13661763,SAMN24730023,PRJNA795502,GSM5778038,GSM5778038,RNA-Seq,TRANSCRIPTOMIC,cDNA,PAIRED,ILLUMINA,Illumina HiSeq 4000,22237645,6671293500,ftp.sra.ebi.ac.uk/vol1/fastq/SRR174/007/SRR17491507/SRR17491507_1.fastq.gz;ftp.sra.ebi.ac.uk/vol1/fastq/SRR174/007/SRR17491507/SRR17491507_2.fastq.gz,173f58e1c9c366d46e54c56ec0b6e944;d9bc41f957eb6c72173537c704574332,1791969276;1864736207,,GSE193258,ftp.sra.ebi.ac.uk/vol1/fastq/SRR174/007/SRR17491507/SRR17491507_1.fastq.gz,ftp.sra.ebi.ac.uk/vol1/fastq/SRR174/007/SRR17491507/SRR17491507_2.fastq.gz,https://ftp.sra.ebi.ac.uk/vol1/fastq/SRR174/007/SRR17491507/SRR17491507_1.fastq.gz,https://ftp.sra.ebi.ac.uk/vol1/fastq/SRR174/007/SRR17491507/SRR17491507_2.fastq.gz,173f58e1c9c366d46e54c56ec0b6e944,d9bc41f957eb6c72173537c704574332,1791969276.0,1864736207.0,3.66
SRR17491511,SRX13661759,SAMN24730027,PRJNA795502,GSM5778034,GSM5778034,RNA-Seq,TRANSCRIPTOMIC,cDNA,PAIRED,ILLUMINA,Illumina HiSeq 4000,27138573,8141571900,ftp.sra.ebi.ac.uk/vol1/fastq/SRR174/011/SRR17491511/SRR17491511_1.fastq.gz;ftp.sra.ebi.ac.uk/vol1/fastq/SRR174/011/SRR17491511/SRR17491511_2.fastq.gz,8b44dbf3e49806d79a91b87f43d4e0f8;a4f9650b247c1823785b90ae6371fdca,2030904606;2296494962,,GSE193258,ftp.sra.ebi.ac.uk/vol1/fastq/SRR174/011/SRR17491511/SRR17491511_1.fastq.gz,ftp.sra.ebi.ac.uk/vol1/fastq/SRR174/011/SRR17491511/SRR17491511_2.fastq.gz,https://ftp.sra.ebi.ac.uk/vol1/fastq/SRR174/011/SRR17491511/SRR17491511_1.fastq.gz,https://ftp.sra.ebi.ac.uk/vol1/fastq/SRR174/011/SRR17491511/SRR17491511_2.fastq.gz,8b44dbf3e49806d79a91b87f43d4e0f8,a4f9650b247c1823785b90ae6371fdca,2030904606.0,2296494962.0,4.33
SRR17491512,SRX13661758,SAMN24730028,PRJNA795502,GSM5778033,GSM5778033,RNA-Seq,TRANSCRIPTOMIC,cDNA,PAIRED,ILLUMINA,Illumina HiSeq 4000,27004560,8101368000,ftp.sra.ebi.ac.uk/vol1/fastq/SRR174/012/SRR17491512/SRR17491512_1.fastq.gz;ftp.sra.ebi.ac.uk/vol1/fastq/SRR174/012/SRR17491512/SRR17491512_2.fastq.gz,074452a2587450b23529b07e22e7dc53;36d5bc84ed01089ba0252ac0148bcbc5,2019100076;2272811443,,GSE193258,ftp.sra.ebi.ac.uk/vol1/fastq/SRR174/012/SRR17491512/SRR17491512_1.fastq.gz,ftp.sra.ebi.ac.uk/vol1/fastq/SRR174/012/SRR17491512/SRR17491512_2.fastq.gz,https://ftp.sra.ebi.ac.uk/vol1/fastq/SRR174/012/SRR17491512/SRR17491512_1.fastq.gz,https://ftp.sra.ebi.ac.uk/vol1/fastq/SRR174/012/SRR17491512/SRR17491512_2.fastq.gz,074452a2587450b23529b07e22e7dc53,36d5bc84ed01089ba0252ac0148bcbc5,2019100076.0,2272811443.0,4.29
SRR17491517,SRX13661753,SAMN24730033,PRJNA795502,GSM5778028,GSM5778028,RNA-Seq,TRANSCRIPTOMIC,cDNA,PAIRED,ILLUMINA,Illumina HiSeq 4000,28863945,8659183500,ftp.sra.ebi.ac.uk/vol1/fastq/SRR174/017/SRR17491517/SRR17491517_1.fastq.gz;ftp.sra.ebi.ac.uk/vol1/fastq/SRR174/017/SRR17491517/SRR17491517_2.fastq.gz,250feffeac8da70f720dd0a38ad787fd;b82dab811e00a7c4bd287312f509ce7e,2151649303;2405459631,,GSE193258,ftp.sra.ebi.ac.uk/vol1/fastq/SRR174/017/SRR17491517/SRR17491517_1.fastq.gz,ftp.sra.ebi.ac.uk/vol1/fastq/SRR174/017/SRR17491517/SRR17491517_2.fastq.gz,https://ftp.sra.ebi.ac.uk/vol1/fastq/SRR174/017/SRR17491517/SRR17491517_1.fastq.gz,https://ftp.sra.ebi.ac.uk/vol1/fastq/SRR174/017/SRR17491517/SRR17491517_2.fastq.gz,250feffeac8da70f720dd0a38ad787fd,b82dab811e00a7c4bd287312f509ce7e,2151649303.0,2405459631.0,4.56
SRR17491520,SRX13661750,SAMN24730036,PRJNA795502,GSM5778025,GSM5778025,RNA-Seq,TRANSCRIPTOMIC,cDNA,PAIRED,ILLUMINA,Illumina HiSeq 4000,25100683,7530204900,ftp.sra.ebi.ac.uk/vol1/fastq/SRR174/020/SRR17491520/SRR17491520_1.fastq.gz;ftp.sra.ebi.ac.uk/vol1/fastq/SRR174/020/SRR17491520/SRR17491520_2.fastq.gz,059679e307c97a20208898c7bc0c7264;c5b0f3404cb5e64b7764216503fa5402,1908053011;2137089233,,GSE193258,ftp.sra.ebi.ac.uk/vol1/fastq/SRR174/020/SRR17491520/SRR17491520_1.fastq.gz,ftp.sra.ebi.ac.uk/vol1/fastq/SRR174/020/SRR17491520/SRR17491520_2.fastq.gz,https://ftp.sra.ebi.ac.uk/vol1/fastq/SRR174/020/SRR17491520/SRR17491520_1.fastq.gz,https://ftp.sra.ebi.ac.uk/vol1/fastq/SRR174/020/SRR17491520/SRR17491520_2.fastq.gz,059679e307c97a20208898c7bc0c7264,c5b0f3404cb5e64b7764216503fa5402,1908053011.0,2137089233.0,4.05
SRR17491521,SRX13661749,SAMN24730037,PRJNA795502,GSM5778024,GSM5778024,RNA-Seq,TRANSCRIPTOMIC,cDNA,PAIRED,ILLUMINA,Illumina HiSeq 4000,26819293,8045787900,ftp.sra.ebi.ac.uk/vol1/fastq/SRR174/021/SRR17491521/SRR17491521_1.fastq.gz;ftp.sra.ebi.ac.uk/vol1/fastq/SRR174/021/SRR17491521/SRR17491521_2.fastq.gz,2a73f54020b15af9e0f9643ee118bf7c;0c165cd7ec297b0ae2908f02d88f47da,1995750226;2239907760,,GSE193258,ftp.sra.ebi.ac.uk/vol1/fastq/SRR174/021/SRR17491521/SRR17491521_1.fastq.gz,ftp.sra.ebi.ac.uk/vol1/fastq/SRR174/021/SRR17491521/SRR17491521_2.fastq.gz,https://ftp.sra.ebi.ac.uk/vol1/fastq/SRR174/021/SRR17491521/SRR17491521_1.fastq.gz,https://ftp.sra.ebi.ac.uk/vol1/fastq/SRR174/021/SRR17491521/SRR17491521_2.fastq.gz,2a73f54020b15af9e0f9643ee118bf7c,0c165cd7ec297b0ae2908f02d88f47da,1995750226.0,2239907760.0,4.24
SRR17491526,SRX13661744,SAMN24730042,PRJNA795502,GSM5778019,GSM5778019,RNA-Seq,TRANSCRIPTOMIC,cDNA,PAIRED,ILLUMINA,Illumina HiSeq 4000,25743159,7722947700,ftp.sra.ebi.ac.uk/vol1/fastq/SRR174/026/SRR17491526/SRR17491526_1.fastq.gz;ftp.sra.ebi.ac.uk/vol1/fastq/SRR174/026/SRR17491526/SRR17491526_2.fastq.gz,f46c03ff9659be24827747a02a2e2954;70752dd54cf9a1e9fa1cb219ff07d830,1962127610;2209491169,,GSE193258,ftp.sra.ebi.ac.uk/vol1/fastq/SRR174/026/SRR17491526/SRR17491526_1.fastq.gz,ftp.sra.ebi.ac.uk/vol1/fastq/SRR174/026/SRR17491526/SRR17491526_2.fastq.gz,https://ftp.sra.ebi.ac.uk/vol1/fastq/SRR174/026/SRR17491526/SRR17491526_1.fastq.gz,https://ftp.sra.ebi.ac.uk/vol1/fastq/SRR174/026/SRR17491526/SRR17491526_2.fastq.gz,f46c03ff9659be24827747a02a2e2954,70752dd54cf9a1e9fa1cb219ff07d830,1962127610.0,2209491169.0,4.17
SRR17491527,SRX13661743,SAMN24730043,PRJNA795502,GSM5778018,GSM5778018,RNA-Seq,TRANSCRIPTOMIC,cDNA,PAIRED,ILLUMINA,Illumina HiSeq 4000,23661759,7098527700,ftp.sra.ebi.ac.uk/vol1/fastq/SRR174/027/SRR17491527/SRR17491527_1.fastq.gz;ftp.sra.ebi.ac.uk/vol1/fastq/SRR174/027/SRR17491527/SRR17491527_2.fastq.gz,5d02b0719bfecb95cf087c970ae5fa84;3f9e4acdaa8b5dcdbacc55b000b020ca,1794600695;2004640452,,GSE193258,ftp.sra.ebi.ac.uk/vol1/fastq/SRR174/027/SRR17491527/SRR17491527_1.fastq.gz,ftp.sra.ebi.ac.uk/vol1/fastq/SRR174/027/SRR17491527/SRR17491527_2.fastq.gz,https://ftp.sra.ebi.ac.uk/vol1/fastq/SRR174/027/SRR17491527/SRR17491527_1.fastq.gz,https://ftp.sra.ebi.ac.uk/vol1/fastq/SRR174/027/SRR17491527/SRR17491527_2.fastq.gz,5d02b0719bfecb95cf087c970ae5fa84,3f9e4acdaa8b5dcdbacc55b000b020ca,1794600695.0,2004640452.0,3.8
SRR17491535,SRX13661734,SAMN24730052,PRJNA795502,GSM5778009,GSM5778009,RNA-Seq,TRANSCRIPTOMIC,cDNA,PAIRED,ILLUMINA,Illumina HiSeq 4000,56737495,17021248500,ftp.sra.ebi.ac.uk/vol1/fastq/SRR174/035/SRR17491535/SRR17491535_1.fastq.gz;ftp.sra.ebi.ac.uk/vol1/fastq/SRR174/035/SRR17491535/SRR17491535_2.fastq.gz,eb189d8771cd9f4979183a6fd0520257;18da0dceeee91794084a129ba546d230,4339624224;5046935670,,GSE193258,ftp.sra.ebi.ac.uk/vol1/fastq/SRR174/035/SRR17491535/SRR17491535_1.fastq.gz,ftp.sra.ebi.ac.uk/vol1/fastq/SRR174/035/SRR17491535/SRR17491535_2.fastq.gz,https://ftp.sra.ebi.ac.uk/vol1/fastq/SRR174/035/SRR17491535/SRR17491535_1.fastq.gz,https://ftp.sra.ebi.ac.uk/vol1/fastq/SRR174/035/SRR17491535/SRR17491535_2.fastq.gz,eb189d8771cd9f4979183a6fd0520257,18da0dceeee91794084a129ba546d230,4339624224.0,5046935670.0,9.39
SRR17491536,SRX13661733,SAMN24730053,PRJNA795502,GSM5778008,GSM5778008,RNA-Seq,TRANSCRIPTOMIC,cDNA,PAIRED,ILLUMINA,Illumina HiSeq 4000,54949782,16484934600,ftp.sra.ebi.ac.uk/vol1/fastq/SRR174/036/SRR17491536/SRR17491536_1.fastq.gz;ftp.sra.ebi.ac.uk/vol1/fastq/SRR174/036/SRR17491536/SRR17491536_2.fastq.gz,a88308e267a52e6c5b3b70557b9862e2;d5036fd6f241cd5515a2142e259a8ab0,4206583752;4892536483,,GSE193258,ftp.sra.ebi.ac.uk/vol1/fastq/SRR174/036/SRR17491536/SRR17491536_1.fastq.gz,ftp.sra.ebi.ac.uk/vol1/fastq/SRR174/036/SRR17491536/SRR17491536_2.fastq.gz,https://ftp.sra.ebi.ac.uk/vol1/fastq/SRR174/036/SRR17491536/SRR17491536_1.fastq.gz,https://ftp.sra.ebi.ac.uk/vol1/fastq/SRR174/036/SRR17491536/SRR17491536_2.fastq.gz,a88308e267a52e6c5b3b70557b9862e2,d5036fd6f241cd5515a2142e259a8ab0,4206583752.0,4892536483.0,9.1
SRR17491537,SRX13661736,SAMN24730050,PRJNA795502,GSM5778011,GSM5778011,RNA-Seq,TRANSCRIPTOMIC,cDNA,PAIRED,ILLUMINA,Illumina HiSeq 4000,29008661,8702598300,ftp.sra.ebi.ac.uk/vol1/fastq/SRR174/037/SRR17491537/SRR17491537_1.fastq.gz;ftp.sra.ebi.ac.uk/vol1/fastq/SRR174/037/SRR17491537/SRR17491537_2.fastq.gz,efe6213503600460fcd2f783d5ee20ea;1212a93ced7f909a1a7a1da2ccd93e87,2179014051;2446248280,,GSE193258,ftp.sra.ebi.ac.uk/vol1/fastq/SRR174/037/SRR17491537/SRR17491537_1.fastq.gz,ftp.sra.ebi.ac.uk/vol1/fastq/SRR174/037/SRR17491537/SRR17491537_2.fastq.gz,https://ftp.sra.ebi.ac.uk/vol1/fastq/SRR174/037/SRR17491537/SRR17491537_1.fastq.gz,https://ftp.sra.ebi.ac.uk/vol1/fastq/SRR174/037/SRR17491537/SRR17491537_2.fastq.gz,efe6213503600460fcd2f783d5ee20ea,1212a93ced7f909a1a7a1da2ccd93e87,2179014051.0,2446248280.0,4.63
SRR17491543,SRX13661726,SAMN24730060,PRJNA795502,GSM5778001,GSM5778001,RNA-Seq,TRANSCRIPTOMIC,cDNA,PAIRED,ILLUMINA,Illumina HiSeq 4000,54573942,16372182600,ftp.sra.ebi.ac.uk/vol1/fastq/SRR174/043/SRR17491543/SRR17491543_1.fastq.gz;ftp.sra.ebi.ac.uk/vol1/fastq/SRR174/043/SRR17491543/SRR17491543_2.fastq.gz,293a381cbb301a5d3e26048564045d0a;cbb07c1f1248a30dce728d88f00cdf67,4189669292;4904422544,,GSE193258,ftp.sra.ebi.ac.uk/vol1/fastq/SRR174/043/SRR17491543/SRR17491543_1.fastq.gz,ftp.sra.ebi.ac.uk/vol1/fastq/SRR174/043/SRR17491543/SRR17491543_2.fastq.gz,https://ftp.sra.ebi.ac.uk/vol1/fastq/SRR174/043/SRR17491543/SRR17491543_1.fastq.gz,https://ftp.sra.ebi.ac.uk/vol1/fastq/SRR174/043/SRR17491543/SRR17491543_2.fastq.gz,293a381cbb301a5d3e26048564045d0a,cbb07c1f1248a30dce728d88f00cdf67,4189669292.0,4904422544.0,9.09
SRR17491544,SRX13661725,SAMN24730061,PRJNA795502,GSM5778000,GSM5778000,RNA-Seq,TRANSCRIPTOMIC,cDNA,PAIRED,ILLUMINA,Illumina HiSeq 4000,52376922,15713076600,ftp.sra.ebi.ac.uk/vol1/fastq/SRR174/044/SRR17491544/SRR17491544_1.fastq.gz;ftp.sra.ebi.ac.uk/vol1/fastq/SRR174/044/SRR17491544/SRR17491544_2.fastq.gz,18f332644e6f369637db6dcd946b2af6;08b270e8161c2ced5715406fae9e61b4,4006572214;4648602293,,GSE193258,ftp.sra.ebi.ac.uk/vol1/fastq/SRR174/044/SRR17491544/SRR17491544_1.fastq.gz,ftp.sra.ebi.ac.uk/vol1/fastq/SRR174/044/SRR17491544/SRR17491544_2.fastq.gz,https://ftp.sra.ebi.ac.uk/vol1/fastq/SRR174/044/SRR17491544/SRR17491544_1.fastq.gz,https://ftp.sra.ebi.ac.uk/vol1/fastq/SRR174/044/SRR17491544/SRR17491544_2.fastq.gz,18f332644e6f369637db6dcd946b2af6,08b270e8161c2ced5715406fae9e61b4,4006572214.0,4648602293.0,8.66
SRR17491546,SRX13661724,SAMN24730062,PRJNA795502,GSM5777999,GSM5777999,RNA-Seq,TRANSCRIPTOMIC,cDNA,PAIRED,ILLUMINA,Illumina HiSeq 4000,55068558,16520567400,ftp.sra.ebi.ac.uk/vol1/fastq/SRR174/046/SRR17491546/SRR17491546_1.fastq.gz;ftp.sra.ebi.ac.uk/vol1/fastq/SRR174/046/SRR17491546/SRR17491546_2.fastq.gz,296696566c9e8ed23c0cf9843eda0b5a;d50bfaa8e5aad35d2bd83910e6c842b2,4222856027;4937562436,,GSE193258,ftp.sra.ebi.ac.uk/vol1/fastq/SRR174/046/SRR17491546/SRR17491546_1.fastq.gz,ftp.sra.ebi.ac.uk/vol1/fastq/SRR174/046/SRR17491546/SRR17491546_2.fastq.gz,https://ftp.sra.ebi.ac.uk/vol1/fastq/SRR174/046/SRR17491546/SRR17491546_1.fastq.gz,https://ftp.sra.ebi.ac.uk/vol1/fastq/SRR174/046/SRR17491546/SRR17491546_2.fastq.gz,296696566c9e8ed23c0cf9843eda0b5a,d50bfaa8e5aad35d2bd83910e6c842b2,4222856027.0,4937562436.0,9.16
SRR17491547,SRX13661723,SAMN24730063,PRJNA795502,GSM5777998,GSM5777998,RNA-Seq,TRANSCRIPTOMIC,cDNA,PAIRED,ILLUMINA,Illumina HiSeq 4000,54592594,16377778200,ftp.sra.ebi.ac.uk/vol1/fastq/SRR174/047/SRR17491547/SRR17491547_1.fastq.gz;ftp.sra.ebi.ac.uk/vol1/fastq/SRR174/047/SRR17491547/SRR17491547_2.fastq.gz,c8b0efe0ea19fc8df722aeb4c2766585;a3763b18dfe3fef8e64db4535b0a3fd9,4155260733;4831091344,,GSE193258,ftp.sra.ebi.ac.uk/vol1/fastq/SRR174/047/SRR17491547/SRR17491547_1.fastq.gz,ftp.sra.ebi.ac.uk/vol1/fastq/SRR174/047/SRR17491547/SRR17491547_2.fastq.gz,https://ftp.sra.ebi.ac.uk/vol1/fastq/SRR174/047/SRR17491547/SRR17491547_1.fastq.gz,https://ftp.sra.ebi.ac.uk/vol1/fastq/SRR174/047/SRR17491547/SRR17491547_2.fastq.gz,c8b0efe0ea19fc8df722aeb4c2766585,a3763b18dfe3fef8e64db4535b0a3fd9,4155260733.0,4831091344.0,8.99
SRR17491548,SRX13661722,SAMN24730064,PRJNA795502,GSM5777997,GSM5777997,RNA-Seq,TRANSCRIPTOMIC,cDNA,PAIRED,ILLUMINA,Illumina HiSeq 4000,53854247,16156274100,ftp.sra.ebi.ac.uk/vol1/fastq/SRR174/048/SRR17491548/SRR17491548_1.fastq.gz;ftp.sra.ebi.ac.uk/vol1/fastq/SRR174/048/SRR17491548/SRR17491548_2.fastq.gz,27786156ba102fce9a8fa4e8944552da;af6f1b0d88a6f9c48866a1ea260b602c,4104675065;4790475834,,GSE193258,ftp.sra.ebi.ac.uk/vol1/fastq/SRR174/048/SRR17491548/SRR17491548_1.fastq.gz,ftp.sra.ebi.ac.uk/vol1/fastq/SRR174/048/SRR17491548/SRR17491548_2.fastq.gz,https://ftp.sra.ebi.ac.uk/vol1/fastq/SRR174/048/SRR17491548/SRR17491548_1.fastq.gz,https://ftp.sra.ebi.ac.uk/vol1/fastq/SRR174/048/SRR17491548/SRR17491548_2.fastq.gz,27786156ba102fce9a8fa4e8944552da,af6f1b0d88a6f9c48866a1ea260b602c,4104675065.0,4790475834.0,8.9
SRR17491549,SRX13661721,SAMN24730065,PRJNA795502,GSM5777996,GSM5777996,RNA-Seq,TRANSCRIPTOMIC,cDNA,PAIRED,ILLUMINA,Illumina HiSeq 4000,58103849,17431154700,ftp.sra.ebi.ac.uk/vol1/fastq/SRR174/049/SRR17491549/SRR17491549_1.fastq.gz;ftp.sra.ebi.ac.uk/vol1/fastq/SRR174/049/SRR17491549/SRR17491549_2.fastq.gz,068e6868f6fbb7dba88fc9667e844942;bc3bf69a4a85b481850d0821aab89e8e,4463319005;5122688449,,GSE193258,ftp.sra.ebi.ac.uk/vol1/fastq/SRR174/049/SRR17491549/SRR17491549_1.fastq.gz,ftp.sra.ebi.ac.uk/vol1/fastq/SRR174/049/SRR17491549/SRR17491549_2.fastq.gz,https://ftp.sra.ebi.ac.uk/vol1/fastq/SRR174/049/SRR17491549/SRR17491549_1.fastq.gz,https://ftp.sra.ebi.ac.uk/vol1/fastq/SRR174/049/SRR17491549/SRR17491549_2.fastq.gz,068e6868f6fbb7dba88fc9667e844942,bc3bf69a4a85b481850d0821aab89e8e,4463319005.0,5122688449.0,9.59
SRR17491490,SRX13661780,SAMN24730006,PRJNA795502,GSM5778055,GSM5778055,RNA-Seq,TRANSCRIPTOMIC,cDNA,PAIRED,ILLUMINA,Illumina HiSeq 4000,51269207,15380762100,ftp.sra.ebi.ac.uk/vol1/fastq/SRR174/090/SRR17491490/SRR17491490_1.fastq.gz;ftp.sra.ebi.ac.uk/vol1/fastq/SRR174/090/SRR17491490/SRR17491490_2.fastq.gz,701d4b4a5d772a7ffb0ba03b2e012e2c;97b6c1b7da8f4bef4055f0f28b630848,3925954514;4371660899,,GSE193258,ftp.sra.ebi.ac.uk/vol1/fastq/SRR174/090/SRR17491490/SRR17491490_1.fastq.gz,ftp.sra.ebi.ac.uk/vol1/fastq/SRR174/090/SRR17491490/SRR17491490_2.fastq.gz,https://ftp.sra.ebi.ac.uk/vol1/fastq/SRR174/090/SRR17491490/SRR17491490_1.fastq.gz,https://ftp.sra.ebi.ac.uk/vol1/fastq/SRR174/090/SRR17491490/SRR17491490_2.fastq.gz,701d4b4a5d772a7ffb0ba03b2e012e2c,97b6c1b7da8f4bef4055f0f28b630848,3925954514.0,4371660899.0,8.3
SRR17491493,SRX13661776,SAMN24730010,PRJNA795502,GSM5778051,GSM5778051,RNA-Seq,TRANSCRIPTOMIC,cDNA,PAIRED,ILLUMINA,Illumina HiSeq 4000,51479546,15443863800,ftp.sra.ebi.ac.uk/vol1/fastq/SRR174/093/SRR17491493/SRR17491493_1.fastq.gz;ftp.sra.ebi.ac.uk/vol1/fastq/SRR174/093/SRR17491493/SRR17491493_2.fastq.gz,c2c9ce5eebf5083bf2c5420ce1d81478;19c1eed55ae0922249cf3d36baa38484,3923181484;4367299354,,GSE193258,ftp.sra.ebi.ac.uk/vol1/fastq/SRR174/093/SRR17491493/SRR17491493_1.fastq.gz,ftp.sra.ebi.ac.uk/vol1/fastq/SRR174/093/SRR17491493/SRR17491493_2.fastq.gz,https://ftp.sra.ebi.ac.uk/vol1/fastq/SRR174/093/SRR17491493/SRR17491493_1.fastq.gz,https://ftp.sra.ebi.ac.uk/vol1/fastq/SRR174/093/SRR17491493/SRR17491493_2.fastq.gz,c2c9ce5eebf5083bf2c5420ce1d81478,19c1eed55ae0922249cf3d36baa38484,3923181484.0,4367299354.0,8.29
SRR17491494,SRX13661775,SAMN24730011,PRJNA795502,GSM5778050,GSM5778050,RNA-Seq,TRANSCRIPTOMIC,cDNA,PAIRED,ILLUMINA,Illumina HiSeq 4000,44009106,13202731800,ftp.sra.ebi.ac.uk/vol1/fastq/SRR174/094/SRR17491494/SRR17491494_1.fastq.gz;ftp.sra.ebi.ac.uk/vol1/fastq/SRR174/094/SRR17491494/SRR17491494_2.fastq.gz,14a4815c33e45f3bbaba3983feb0b013;40cc49d3ff895c3adb56ec6a480f4bc1,3591201462;3713463693,,GSE193258,ftp.sra.ebi.ac.uk/vol1/fastq/SRR174/094/SRR17491494/SRR17491494_1.fastq.gz,ftp.sra.ebi.ac.uk/vol1/fastq/SRR174/094/SRR17491494/SRR17491494_2.fastq.gz,https://ftp.sra.ebi.ac.uk/vol1/fastq/SRR174/094/SRR17491494/SRR17491494_1.fastq.gz,https://ftp.sra.ebi.ac.uk/vol1/fastq/SRR174/094/SRR17491494/SRR17491494_2.fastq.gz,14a4815c33e45f3bbaba3983feb0b013,40cc49d3ff895c3adb56ec6a480f4bc1,3591201462.0,3713463693.0,7.3
SRR17491495,SRX13661774,SAMN24730012,PRJNA795502,GSM5778049,GSM5778049,RNA-Seq,TRANSCRIPTOMIC,cDNA,PAIRED,ILLUMINA,Illumina HiSeq 4000,49939133,14981739900,ftp.sra.ebi.ac.uk/vol1/fastq/SRR174/095/SRR17491495/SRR17491495_1.fastq.gz;ftp.sra.ebi.ac.uk/vol1/fastq/SRR174/095/SRR17491495/SRR17491495_2.fastq.gz,2b4b6657015bac8f91b3377fafad5bd9;0556fc52782cd109dba2062276e735aa,3823646168;4190200641,,GSE193258,ftp.sra.ebi.ac.uk/vol1/fastq/SRR174/095/SRR17491495/SRR17491495_1.fastq.gz,ftp.sra.ebi.ac.uk/vol1/fastq/SRR174/095/SRR17491495/SRR17491495_2.fastq.gz,https://ftp.sra.ebi.ac.uk/vol1/fastq/SRR174/095/SRR17491495/SRR17491495_1.fastq.gz,https://ftp.sra.ebi.ac.uk/vol1/fastq/SRR174/095/SRR17491495/SRR17491495_2.fastq.gz,2b4b6657015bac8f91b3377fafad5bd9,0556fc52782cd109dba2062276e735aa,3823646168.0,4190200641.0,8.01
SRR17491496,SRX13661777,SAMN24730009,PRJNA795502,GSM5778052,GSM5778052,RNA-Seq,TRANSCRIPTOMIC,cDNA,PAIRED,ILLUMINA,Illumina HiSeq 4000,56229819,16868945700,ftp.sra.ebi.ac.uk/vol1/fastq/SRR174/096/SRR17491496/SRR17491496_1.fastq.gz;ftp.sra.ebi.ac.uk/vol1/fastq/SRR174/096/SRR17491496/SRR17491496_2.fastq.gz,e52b3ac6490c23dde6cec00055a18661;538f651d8f11fd38cc87bca1aba27926,4278162405;4767982895,,GSE193258,ftp.sra.ebi.ac.uk/vol1/fastq/SRR174/096/SRR17491496/SRR17491496_1.fastq.gz,ftp.sra.ebi.ac.uk/vol1/fastq/SRR174/096/SRR17491496/SRR17491496_2.fastq.gz,https://ftp.sra.ebi.ac.uk/vol1/fastq/SRR174/096/SRR17491496/SRR17491496_1.fastq.gz,https://ftp.sra.ebi.ac.uk/vol1/fastq/SRR174/096/SRR17491496/SRR17491496_2.fastq.gz,e52b3ac6490c23dde6cec00055a18661,538f651d8f11fd38cc87bca1aba27926,4278162405.0,4767982895.0,9.05
SRR17491497,SRX13661773,SAMN24730013,PRJNA795502,GSM5778048,GSM5778048,RNA-Seq,TRANSCRIPTOMIC,cDNA,PAIRED,ILLUMINA,Illumina HiSeq 4000,58260945,17478283500,ftp.sra.ebi.ac.uk/vol1/fastq/SRR174/097/SRR17491497/SRR17491497_1.fastq.gz;ftp.sra.ebi.ac.uk/vol1/fastq/SRR174/097/SRR17491497/SRR17491497_2.fastq.gz,8d0628b6e514f0c8e99e376ff5adc392;96e1095983df4c8354ea3c9c13cf4343,4422352028;4905682327,,GSE193258,ftp.sra.ebi.ac.uk/vol1/fastq/SRR174/097/SRR17491497/SRR17491497_1.fastq.gz,ftp.sra.ebi.ac.uk/vol1/fastq/SRR174/097/SRR17491497/SRR17491497_2.fastq.gz,https://ftp.sra.ebi.ac.uk/vol1/fastq/SRR174/097/SRR17491497/SRR17491497_1.fastq.gz,https://ftp.sra.ebi.ac.uk/vol1/fastq/SRR174/097/SRR17491497/SRR17491497_2.fastq.gz,8d0628b6e514f0c8e99e376ff5adc392,96e1095983df4c8354ea3c9c13cf4343,4422352028.0,4905682327.0,9.33
SRR17491498,SRX13661772,SAMN24730014,PRJNA795502,GSM5778047,GSM5778047,RNA-Seq,TRANSCRIPTOMIC,cDNA,PAIRED,ILLUMINA,Illumina HiSeq 4000,49463740,14839122000,ftp.sra.ebi.ac.uk/vol1/fastq/SRR174/098/SRR17491498/SRR17491498_1.fastq.gz;ftp.sra.ebi.ac.uk/vol1/fastq/SRR174/098/SRR17491498/SRR17491498_2.fastq.gz,6e77bebcd3bc6e81b5adee380abfff55;f9ea930df32be31d69676744274cddba,3734282470;4127803225,,GSE193258,ftp.sra.ebi.ac.uk/vol1/fastq/SRR174/098/SRR17491498/SRR17491498_1.fastq.gz,ftp.sra.ebi.ac.uk/vol1/fastq/SRR174/098/SRR17491498/SRR17491498_2.fastq.gz,https://ftp.sra.ebi.ac.uk/vol1/fastq/SRR174/098/SRR17491498/SRR17491498_1.fastq.gz,https://ftp.sra.ebi.ac.uk/vol1/fastq/SRR174/098/SRR17491498/SRR17491498_2.fastq.gz,6e77bebcd3bc6e81b5adee380abfff55,f9ea930df32be31d69676744274cddba,3734282470.0,4127803225.0,7.86
SRR17491500,SRX13661770,SAMN24730016,PRJNA795502,GSM5778045,GSM5778045,RNA-Seq,TRANSCRIPTOMIC,cDNA,PAIRED,ILLUMINA,Illumina HiSeq 4000,49499296,14849788800,ftp.sra.ebi.ac.uk/vol1/fastq/SRR174/000/SRR17491500/SRR17491500_1.fastq.gz;ftp.sra.ebi.ac.uk/vol1/fastq/SRR174/000/SRR17491500/SRR17491500_2.fastq.gz,1721df2e62c5f1a0a92fc50cfd2b4ab4;6648bc0655d2ff3d109d202ea10bc863,3737995262;4086397555,,GSE193258,ftp.sra.ebi.ac.uk/vol1/fastq/SRR174/000/SRR17491500/SRR17491500_1.fastq.gz,ftp.sra.ebi.ac.uk/vol1/fastq/SRR174/000/SRR17491500/SRR17491500_2.fastq.gz,https://ftp.sra.ebi.ac.uk/vol1/fastq/SRR174/000/SRR17491500/SRR17491500_1.fastq.gz,https://ftp.sra.ebi.ac.uk/vol1/fastq/SRR174/000/SRR17491500/SRR17491500_2.fastq.gz,1721df2e62c5f1a0a92fc50cfd2b4ab4,6648bc0655d2ff3d109d202ea10bc863,3737995262.0,4086397555.0,7.82
SRR17491502,SRX13661767,SAMN24730019,PRJNA795502,GSM5778042,GSM5778042,RNA-Seq,TRANSCRIPTOMIC,cDNA,PAIRED,ILLUMINA,Illumina HiSeq 4000,57671346,17301403800,ftp.sra.ebi.ac.uk/vol1/fastq/SRR174/002/SRR17491502/SRR17491502_1.fastq.gz;ftp.sra.ebi.ac.uk/vol1/fastq/SRR174/002/SRR17491502/SRR17491502_2.fastq.gz,7e6326b915f0f058e7daffd020895658;b1dadde635ce9e1560843b1c5371190f,4370042931;4825186070,,GSE193258,ftp.sra.ebi.ac.uk/vol1/fastq/SRR174/002/SRR17491502/SRR17491502_1.fastq.gz,ftp.sra.ebi.ac.uk/vol1/fastq/SRR174/002/SRR17491502/SRR17491502_2.fastq.gz,https://ftp.sra.ebi.ac.uk/vol1/fastq/SRR174/002/SRR17491502/SRR17491502_1.fastq.gz,https://ftp.sra.ebi.ac.uk/vol1/fastq/SRR174/002/SRR17491502/SRR17491502_2.fastq.gz,7e6326b915f0f058e7daffd020895658,b1dadde635ce9e1560843b1c5371190f,4370042931.0,4825186070.0,9.2
SRR17491505,SRX13661765,SAMN24730021,PRJNA795502,GSM5778040,GSM5778040,RNA-Seq,TRANSCRIPTOMIC,cDNA,PAIRED,ILLUMINA,Illumina HiSeq 4000,31626501,9487950300,ftp.sra.ebi.ac.uk/vol1/fastq/SRR174/005/SRR17491505/SRR17491505_1.fastq.gz;ftp.sra.ebi.ac.uk/vol1/fastq/SRR174/005/SRR17491505/SRR17491505_2.fastq.gz,322527337a7ef1ae55d798d8d31df200;8589dd763fa3411f1391e6afa438ada3,2372903349;2658516580,,GSE193258,ftp.sra.ebi.ac.uk/vol1/fastq/SRR174/005/SRR17491505/SRR17491505_1.fastq.gz,ftp.sra.ebi.ac.uk/vol1/fastq/SRR174/005/SRR17491505/SRR17491505_2.fastq.gz,https://ftp.sra.ebi.ac.uk/vol1/fastq/SRR174/005/SRR17491505/SRR17491505_1.fastq.gz,https://ftp.sra.ebi.ac.uk/vol1/fastq/SRR174/005/SRR17491505/SRR17491505_2.fastq.gz,322527337a7ef1ae55d798d8d31df200,8589dd763fa3411f1391e6afa438ada3,2372903349.0,2658516580.0,5.03
SRR17491508,SRX13661762,SAMN24730024,PRJNA795502,GSM5778037,GSM5778037,RNA-Seq,TRANSCRIPTOMIC,cDNA,PAIRED,ILLUMINA,Illumina HiSeq 4000,27899599,8369879700,ftp.sra.ebi.ac.uk/vol1/fastq/SRR174/008/SRR17491508/SRR17491508_1.fastq.gz;ftp.sra.ebi.ac.uk/vol1/fastq/SRR174/008/SRR17491508/SRR17491508_2.fastq.gz,130e4b0aa270671c6417a6e4ece3e4a4;c61c748cce7426653b0a4f38186285a1,2079725494;2333772846,,GSE193258,ftp.sra.ebi.ac.uk/vol1/fastq/SRR174/008/SRR17491508/SRR17491508_1.fastq.gz,ftp.sra.ebi.ac.uk/vol1/fastq/SRR174/008/SRR17491508/SRR17491508_2.fastq.gz,https://ftp.sra.ebi.ac.uk/vol1/fastq/SRR174/008/SRR17491508/SRR17491508_1.fastq.gz,https://ftp.sra.ebi.ac.uk/vol1/fastq/SRR174/008/SRR17491508/SRR17491508_2.fastq.gz,130e4b0aa270671c6417a6e4ece3e4a4,c61c748cce7426653b0a4f38186285a1,2079725494.0,2333772846.0,4.41
SRR17491510,SRX13661760,SAMN24730026,PRJNA795502,GSM5778035,GSM5778035,RNA-Seq,TRANSCRIPTOMIC,cDNA,PAIRED,ILLUMINA,Illumina HiSeq 4000,24264130,7279239000,ftp.sra.ebi.ac.uk/vol1/fastq/SRR174/010/SRR17491510/SRR17491510_1.fastq.gz;ftp.sra.ebi.ac.uk/vol1/fastq/SRR174/010/SRR17491510/SRR17491510_2.fastq.gz,3e98439678766dfecab6fd88681c207c;45dd3d73e49eae1bdac22979645915c0,1956251688;2043002814,,GSE193258,ftp.sra.ebi.ac.uk/vol1/fastq/SRR174/010/SRR17491510/SRR17491510_1.fastq.gz,ftp.sra.ebi.ac.uk/vol1/fastq/SRR174/010/SRR17491510/SRR17491510_2.fastq.gz,https://ftp.sra.ebi.ac.uk/vol1/fastq/SRR174/010/SRR17491510/SRR17491510_1.fastq.gz,https://ftp.sra.ebi.ac.uk/vol1/fastq/SRR174/010/SRR17491510/SRR17491510_2.fastq.gz,3e98439678766dfecab6fd88681c207c,45dd3d73e49eae1bdac22979645915c0,1956251688.0,2043002814.0,4.0
SRR17491513,SRX13661757,SAMN24730029,PRJNA795502,GSM5778032,GSM5778032,RNA-Seq,TRANSCRIPTOMIC,cDNA,PAIRED,ILLUMINA,Illumina HiSeq 4000,22676522,6802956600,ftp.sra.ebi.ac.uk/vol1/fastq/SRR174/013/SRR17491513/SRR17491513_1.fastq.gz;ftp.sra.ebi.ac.uk/vol1/fastq/SRR174/013/SRR17491513/SRR17491513_2.fastq.gz,005d8c1803624387ebef72cbd8090e2f;6cc18e38c81faeae33132ec22ea43e38,1833393206;1905644808,,GSE193258,ftp.sra.ebi.ac.uk/vol1/fastq/SRR174/013/SRR17491513/SRR17491513_1.fastq.gz,ftp.sra.ebi.ac.uk/vol1/fastq/SRR174/013/SRR17491513/SRR17491513_2.fastq.gz,https://ftp.sra.ebi.ac.uk/vol1/fastq/SRR174/013/SRR17491513/SRR17491513_1.fastq.gz,https://ftp.sra.ebi.ac.uk/vol1/fastq/SRR174/013/SRR17491513/SRR17491513_2.fastq.gz,005d8c1803624387ebef72cbd8090e2f,6cc18e38c81faeae33132ec22ea43e38,1833393206.0,1905644808.0,3.74
SRR17491518,SRX13661752,SAMN24730034,PRJNA795502,GSM5778027,GSM5778027,RNA-Seq,TRANSCRIPTOMIC,cDNA,PAIRED,ILLUMINA,Illumina HiSeq 4000,27327518,8198255400,ftp.sra.ebi.ac.uk/vol1/fastq/SRR174/018/SRR17491518/SRR17491518_1.fastq.gz;ftp.sra.ebi.ac.uk/vol1/fastq/SRR174/018/SRR17491518/SRR17491518_2.fastq.gz,723b43d27a27ec49ac32296655ee001b;ae8b79b507d5f4c36920d0e7a680ebf9,2043096062;2307819475,,GSE193258,ftp.sra.ebi.ac.uk/vol1/fastq/SRR174/018/SRR17491518/SRR17491518_1.fastq.gz,ftp.sra.ebi.ac.uk/vol1/fastq/SRR174/018/SRR17491518/SRR17491518_2.fastq.gz,https://ftp.sra.ebi.ac.uk/vol1/fastq/SRR174/018/SRR17491518/SRR17491518_1.fastq.gz,https://ftp.sra.ebi.ac.uk/vol1/fastq/SRR174/018/SRR17491518/SRR17491518_2.fastq.gz,723b43d27a27ec49ac32296655ee001b,ae8b79b507d5f4c36920d0e7a680ebf9,2043096062.0,2307819475.0,4.35
SRR17491524,SRX13661746,SAMN24730040,PRJNA795502,GSM5778021,GSM5778021,RNA-Seq,TRANSCRIPTOMIC,cDNA,PAIRED,ILLUMINA,Illumina HiSeq 4000,30188046,9056413800,ftp.sra.ebi.ac.uk/vol1/fastq/SRR174/024/SRR17491524/SRR17491524_1.fastq.gz;ftp.sra.ebi.ac.uk/vol1/fastq/SRR174/024/SRR17491524/SRR17491524_2.fastq.gz,5875277d83bb123cb04ed2cc2b4e3a67;295045ab25df90b3cdfab6626c1ef965,2253392727;2519451926,,GSE193258,ftp.sra.ebi.ac.uk/vol1/fastq/SRR174/024/SRR17491524/SRR17491524_1.fastq.gz,ftp.sra.ebi.ac.uk/vol1/fastq/SRR174/024/SRR17491524/SRR17491524_2.fastq.gz,https://ftp.sra.ebi.ac.uk/vol1/fastq/SRR174/024/SRR17491524/SRR17491524_1.fastq.gz,https://ftp.sra.ebi.ac.uk/vol1/fastq/SRR174/024/SRR17491524/SRR17491524_2.fastq.gz,5875277d83bb123cb04ed2cc2b4e3a67,295045ab25df90b3cdfab6626c1ef965,2253392727.0,2519451926.0,4.77
SRR17491528,SRX13661742,SAMN24730044,PRJNA795502,GSM5778017,GSM5778017,RNA-Seq,TRANSCRIPTOMIC,cDNA,PAIRED,ILLUMINA,Illumina HiSeq 4000,26779300,8033790000,ftp.sra.ebi.ac.uk/vol1/fastq/SRR174/028/SRR17491528/SRR17491528_1.fastq.gz;ftp.sra.ebi.ac.uk/vol1/fastq/SRR174/028/SRR17491528/SRR17491528_2.fastq.gz,d9312d39f05949b1a1edbf06368df1a9;856e2210bf2ee356d06c661f3aceaff5,2011545024;2257602796,,GSE193258,ftp.sra.ebi.ac.uk/vol1/fastq/SRR174/028/SRR17491528/SRR17491528_1.fastq.gz,ftp.sra.ebi.ac.uk/vol1/fastq/SRR174/028/SRR17491528/SRR17491528_2.fastq.gz,https://ftp.sra.ebi.ac.uk/vol1/fastq/SRR174/028/SRR17491528/SRR17491528_1.fastq.gz,https://ftp.sra.ebi.ac.uk/vol1/fastq/SRR174/028/SRR17491528/SRR17491528_2.fastq.gz,d9312d39f05949b1a1edbf06368df1a9,856e2210bf2ee356d06c661f3aceaff5,2011545024.0,2257602796.0,4.27
SRR17491529,SRX13661741,SAMN24730045,PRJNA795502,GSM5778016,GSM5778016,RNA-Seq,TRANSCRIPTOMIC,cDNA,PAIRED,ILLUMINA,Illumina HiSeq 4000,25470358,7641107400,ftp.sra.ebi.ac.uk/vol1/fastq/SRR174/029/SRR17491529/SRR17491529_1.fastq.gz;ftp.sra.ebi.ac.uk/vol1/fastq/SRR174/029/SRR17491529/SRR17491529_2.fastq.gz,a4a73e55197e27bb0e18950aca8336fb;727da560a3b43d60f8faf2863fc36fbf,1939312202;2163443822,,GSE193258,ftp.sra.ebi.ac.uk/vol1/fastq/SRR174/029/SRR17491529/SRR17491529_1.fastq.gz,ftp.sra.ebi.ac.uk/vol1/fastq/SRR174/029/SRR17491529/SRR17491529_2.fastq.gz,https://ftp.sra.ebi.ac.uk/vol1/fastq/SRR174/029/SRR17491529/SRR17491529_1.fastq.gz,https://ftp.sra.ebi.ac.uk/vol1/fastq/SRR174/029/SRR17491529/SRR17491529_2.fastq.gz,a4a73e55197e27bb0e18950aca8336fb,727da560a3b43d60f8faf2863fc36fbf,1939312202.0,2163443822.0,4.1
SRR17491531,SRX13661739,SAMN24730047,PRJNA795502,GSM5778014,GSM5778014,RNA-Seq,TRANSCRIPTOMIC,cDNA,PAIRED,ILLUMINA,Illumina HiSeq 4000,30850813,9255243900,ftp.sra.ebi.ac.uk/vol1/fastq/SRR174/031/SRR17491531/SRR17491531_1.fastq.gz;ftp.sra.ebi.ac.uk/vol1/fastq/SRR174/031/SRR17491531/SRR17491531_2.fastq.gz,e9509abdab142febe8740eb2c53712b0;d304ad88350b5dde6f2a5e112e36a46a,2307841182;2603399133,,GSE193258,ftp.sra.ebi.ac.uk/vol1/fastq/SRR174/031/SRR17491531/SRR17491531_1.fastq.gz,ftp.sra.ebi.ac.uk/vol1/fastq/SRR174/031/SRR17491531/SRR17491531_2.fastq.gz,https://ftp.sra.ebi.ac.uk/vol1/fastq/SRR174/031/SRR17491531/SRR17491531_1.fastq.gz,https://ftp.sra.ebi.ac.uk/vol1/fastq/SRR174/031/SRR17491531/SRR17491531_2.fastq.gz,e9509abdab142febe8740eb2c53712b0,d304ad88350b5dde6f2a5e112e36a46a,2307841182.0,2603399133.0,4.91
SRR17491532,SRX13661738,SAMN24730048,PRJNA795502,GSM5778013,GSM5778013,RNA-Seq,TRANSCRIPTOMIC,cDNA,PAIRED,ILLUMINA,Illumina HiSeq 4000,25566801,7670040300,ftp.sra.ebi.ac.uk/vol1/fastq/SRR174/032/SRR17491532/SRR17491532_1.fastq.gz;ftp.sra.ebi.ac.uk/vol1/fastq/SRR174/032/SRR17491532/SRR17491532_2.fastq.gz,faf6850399d6608f3009c709739ee4ce;eacf6341687291902e5ce8e2ca2fce73,1930067384;2145359814,,GSE193258,ftp.sra.ebi.ac.uk/vol1/fastq/SRR174/032/SRR17491532/SRR17491532_1.fastq.gz,ftp.sra.ebi.ac.uk/vol1/fastq/SRR174/032/SRR17491532/SRR17491532_2.fastq.gz,https://ftp.sra.ebi.ac.uk/vol1/fastq/SRR174/032/SRR17491532/SRR17491532_1.fastq.gz,https://ftp.sra.ebi.ac.uk/vol1/fastq/SRR174/032/SRR17491532/SRR17491532_2.fastq.gz,faf6850399d6608f3009c709739ee4ce,eacf6341687291902e5ce8e2ca2fce73,1930067384.0,2145359814.0,4.08
SRR17491533,SRX13661737,SAMN24730049,PRJNA795502,GSM5778012,GSM5778012,RNA-Seq,TRANSCRIPTOMIC,cDNA,PAIRED,ILLUMINA,Illumina HiSeq 4000,25886903,7766070900,ftp.sra.ebi.ac.uk/vol1/fastq/SRR174/033/SRR17491533/SRR17491533_1.fastq.gz;ftp.sra.ebi.ac.uk/vol1/fastq/SRR174/033/SRR17491533/SRR17491533_2.fastq.gz,dd8e208c745401b1e6c90124228acc79;e04dc09ee203b69e58a5416dcaae62cf,1959459974;2187190648,,GSE193258,ftp.sra.ebi.ac.uk/vol1/fastq/SRR174/033/SRR17491533/SRR17491533_1.fastq.gz,ftp.sra.ebi.ac.uk/vol1/fastq/SRR174/033/SRR17491533/SRR17491533_2.fastq.gz,https://ftp.sra.ebi.ac.uk/vol1/fastq/SRR174/033/SRR17491533/SRR17491533_1.fastq.gz,https://ftp.sra.ebi.ac.uk/vol1/fastq/SRR174/033/SRR17491533/SRR17491533_2.fastq.gz,dd8e208c745401b1e6c90124228acc79,e04dc09ee203b69e58a5416dcaae62cf,1959459974.0,2187190648.0,4.15
SRR17491534,SRX13661735,SAMN24730051,PRJNA795502,GSM5778010,GSM5778010,RNA-Seq,TRANSCRIPTOMIC,cDNA,PAIRED,ILLUMINA,Illumina HiSeq 4000,58495438,17548631400,ftp.sra.ebi.ac.uk/vol1/fastq/SRR174/034/SRR17491534/SRR17491534_1.fastq.gz;ftp.sra.ebi.ac.uk/vol1/fastq/SRR174/034/SRR17491534/SRR17491534_2.fastq.gz,886b2fc15e3c91af3c59798df558a05e;848d2592601fa7c371e13ac6dc7b22fd,4489417779;5226764942,,GSE193258,ftp.sra.ebi.ac.uk/vol1/fastq/SRR174/034/SRR17491534/SRR17491534_1.fastq.gz,ftp.sra.ebi.ac.uk/vol1/fastq/SRR174/034/SRR17491534/SRR17491534_2.fastq.gz,https://ftp.sra.ebi.ac.uk/vol1/fastq/SRR174/034/SRR17491534/SRR17491534_1.fastq.gz,https://ftp.sra.ebi.ac.uk/vol1/fastq/SRR174/034/SRR17491534/SRR17491534_2.fastq.gz,886b2fc15e3c91af3c59798df558a05e,848d2592601fa7c371e13ac6dc7b22fd,4489417779.0,5226764942.0,9.72
SRR17491539,SRX13661731,SAMN24730055,PRJNA795502,GSM5778006,GSM5778006,RNA-Seq,TRANSCRIPTOMIC,cDNA,PAIRED,ILLUMINA,Illumina HiSeq 4000,62765538,18829661400,ftp.sra.ebi.ac.uk/vol1/fastq/SRR174/039/SRR17491539/SRR17491539_1.fastq.gz;ftp.sra.ebi.ac.uk/vol1/fastq/SRR174/039/SRR17491539/SRR17491539_2.fastq.gz,60b7c16190c4cf1477eee47b56e34c62;3ecb5bf8b1361a98c958c8f7c94beff6,4795573581;5522361411,,GSE193258,ftp.sra.ebi.ac.uk/vol1/fastq/SRR174/039/SRR17491539/SRR17491539_1.fastq.gz,ftp.sra.ebi.ac.uk/vol1/fastq/SRR174/039/SRR17491539/SRR17491539_2.fastq.gz,https://ftp.sra.ebi.ac.uk/vol1/fastq/SRR174/039/SRR17491539/SRR17491539_1.fastq.gz,https://ftp.sra.ebi.ac.uk/vol1/fastq/SRR174/039/SRR17491539/SRR17491539_2.fastq.gz,60b7c16190c4cf1477eee47b56e34c62,3ecb5bf8b1361a98c958c8f7c94beff6,4795573581.0,5522361411.0,10.32
SRR17491540,SRX13661730,SAMN24730056,PRJNA795502,GSM5778005,GSM5778005,RNA-Seq,TRANSCRIPTOMIC,cDNA,PAIRED,ILLUMINA,Illumina HiSeq 4000,56653587,16996076100,ftp.sra.ebi.ac.uk/vol1/fastq/SRR174/040/SRR17491540/SRR17491540_1.fastq.gz;ftp.sra.ebi.ac.uk/vol1/fastq/SRR174/040/SRR17491540/SRR17491540_2.fastq.gz,4a9593da2c0ba7eaea607e90ea121bfe;80df24036ec45d1c47b4382430699260,4326024112;5020390292,,GSE193258,ftp.sra.ebi.ac.uk/vol1/fastq/SRR174/040/SRR17491540/SRR17491540_1.fastq.gz,ftp.sra.ebi.ac.uk/vol1/fastq/SRR174/040/SRR17491540/SRR17491540_2.fastq.gz,https://ftp.sra.ebi.ac.uk/vol1/fastq/SRR174/040/SRR17491540/SRR17491540_1.fastq.gz,https://ftp.sra.ebi.ac.uk/vol1/fastq/SRR174/040/SRR17491540/SRR17491540_2.fastq.gz,4a9593da2c0ba7eaea607e90ea121bfe,80df24036ec45d1c47b4382430699260,4326024112.0,5020390292.0,9.35
SRR17491541,SRX13661729,SAMN24730057,PRJNA795502,GSM5778004,GSM5778004,RNA-Seq,TRANSCRIPTOMIC,cDNA,PAIRED,ILLUMINA,Illumina HiSeq 4000,51552433,15465729900,ftp.sra.ebi.ac.uk/vol1/fastq/SRR174/041/SRR17491541/SRR17491541_1.fastq.gz;ftp.sra.ebi.ac.uk/vol1/fastq/SRR174/041/SRR17491541/SRR17491541_2.fastq.gz,b83ce6a37844c6451f932451e7fc1cf0;5b45fcde0831dd7d494e199c2f6b6fd8,3924808858;4620282965,,GSE193258,ftp.sra.ebi.ac.uk/vol1/fastq/SRR174/041/SRR17491541/SRR17491541_1.fastq.gz,ftp.sra.ebi.ac.uk/vol1/fastq/SRR174/041/SRR17491541/SRR17491541_2.fastq.gz,https://ftp.sra.ebi.ac.uk/vol1/fastq/SRR174/041/SRR17491541/SRR17491541_1.fastq.gz,https://ftp.sra.ebi.ac.uk/vol1/fastq/SRR174/041/SRR17491541/SRR17491541_2.fastq.gz,b83ce6a37844c6451f932451e7fc1cf0,5b45fcde0831dd7d494e199c2f6b6fd8,3924808858.0,4620282965.0,8.55
SRR8526722,SRX5329533,SAMN10868676,PRJNA520852,GSM3589678,,RNA-Seq,TRANSCRIPTOMIC,cDNA,PAIRED,ILLUMINA,Illumina HiSeq 2500,36443245,7361535490,ftp.sra.ebi.ac.uk/vol1/fastq/SRR852/002/SRR8526722/SRR8526722_1.fastq.gz;ftp.sra.ebi.ac.uk/vol1/fastq/SRR852/002/SRR8526722/SRR8526722_2.fastq.gz,23a527929517473db2a27cd7ebbb2494;6716c6b017878ef3e346e8700243bfe4,2828093673;3039782766,,GSE126044,ftp.sra.ebi.ac.uk/vol1/fastq/SRR852/002/SRR8526722/SRR8526722_1.fastq.gz,ftp.sra.ebi.ac.uk/vol1/fastq/SRR852/002/SRR8526722/SRR8526722_2.fastq.gz,https://ftp.sra.ebi.ac.uk/vol1/fastq/SRR852/002/SRR8526722/SRR8526722_1.fastq.gz,https://ftp.sra.ebi.ac.uk/vol1/fastq/SRR852/002/SRR8526722/SRR8526722_2.fastq.gz,23a527929517473db2a27cd7ebbb2494,6716c6b017878ef3e346e8700243bfe4,2828093673.0,3039782766.0,5.87
SRR8526724,SRX5329535,SAMN10868674,PRJNA520852,GSM3589680,,RNA-Seq,TRANSCRIPTOMIC,cDNA,PAIRED,ILLUMINA,Illumina HiSeq 2500,47669016,9629141232,ftp.sra.ebi.ac.uk/vol1/fastq/SRR852/004/SRR8526724/SRR8526724_1.fastq.gz;ftp.sra.ebi.ac.uk/vol1/fastq/SRR852/004/SRR8526724/SRR8526724_2.fastq.gz,d8d48ce337472e5eb0cb57538ef52afe;a5979f358db0f7698511b8bab76efc10,3703748685;3942840273,,GSE126044,ftp.sra.ebi.ac.uk/vol1/fastq/SRR852/004/SRR8526724/SRR8526724_1.fastq.gz,ftp.sra.ebi.ac.uk/vol1/fastq/SRR852/004/SRR8526724/SRR8526724_2.fastq.gz,https://ftp.sra.ebi.ac.uk/vol1/fastq/SRR852/004/SRR8526724/SRR8526724_1.fastq.gz,https://ftp.sra.ebi.ac.uk/vol1/fastq/SRR852/004/SRR8526724/SRR8526724_2.fastq.gz,d8d48ce337472e5eb0cb57538ef52afe,a5979f358db0f7698511b8bab76efc10,3703748685.0,3942840273.0,7.65
SRR8526726,SRX5329537,SAMN10868672,PRJNA520852,GSM3589682,,RNA-Seq,TRANSCRIPTOMIC,cDNA,PAIRED,ILLUMINA,Illumina HiSeq 2500,34377682,6944291764,ftp.sra.ebi.ac.uk/vol1/fastq/SRR852/006/SRR8526726/SRR8526726_1.fastq.gz;ftp.sra.ebi.ac.uk/vol1/fastq/SRR852/006/SRR8526726/SRR8526726_2.fastq.gz,7ba8cb03550fd7fb85249b6de9093621;ac18e31797144ac8930a51903abe0da1,2449594276;2602493301,,GSE126044,ftp.sra.ebi.ac.uk/vol1/fastq/SRR852/006/SRR8526726/SRR8526726_1.fastq.gz,ftp.sra.ebi.ac.uk/vol1/fastq/SRR852/006/SRR8526726/SRR8526726_2.fastq.gz,https://ftp.sra.ebi.ac.uk/vol1/fastq/SRR852/006/SRR8526726/SRR8526726_1.fastq.gz,https://ftp.sra.ebi.ac.uk/vol1/fastq/SRR852/006/SRR8526726/SRR8526726_2.fastq.gz,7ba8cb03550fd7fb85249b6de9093621,ac18e31797144ac8930a51903abe0da1,2449594276.0,2602493301.0,5.05
SRR8526731,SRX5329542,SAMN10868670,PRJNA520852,GSM3589687,,RNA-Seq,TRANSCRIPTOMIC,cDNA,PAIRED,ILLUMINA,Illumina HiSeq 2500,42752028,8635909656,ftp.sra.ebi.ac.uk/vol1/fastq/SRR852/001/SRR8526731/SRR8526731_1.fastq.gz;ftp.sra.ebi.ac.uk/vol1/fastq/SRR852/001/SRR8526731/SRR8526731_2.fastq.gz,61c7168c6ff0f7d7241b470553a897a9;38f1618d9febc9aa23c9c1adaab2fe96,3270263854;3475971714,,GSE126044,ftp.sra.ebi.ac.uk/vol1/fastq/SRR852/001/SRR8526731/SRR8526731_1.fastq.gz,ftp.sra.ebi.ac.uk/vol1/fastq/SRR852/001/SRR8526731/SRR8526731_2.fastq.gz,https://ftp.sra.ebi.ac.uk/vol1/fastq/SRR852/001/SRR8526731/SRR8526731_1.fastq.gz,https://ftp.sra.ebi.ac.uk/vol1/fastq/SRR852/001/SRR8526731/SRR8526731_2.fastq.gz,61c7168c6ff0f7d7241b470553a897a9,38f1618d9febc9aa23c9c1adaab2fe96,3270263854.0,3475971714.0,6.75
SRR8526732,SRX5329543,SAMN10868683,PRJNA520852,GSM3589688,,RNA-Seq,TRANSCRIPTOMIC,cDNA,PAIRED,ILLUMINA,Illumina HiSeq 2500,41046184,8291329168,ftp.sra.ebi.ac.uk/vol1/fastq/SRR852/002/SRR8526732/SRR8526732_1.fastq.gz;ftp.sra.ebi.ac.uk/vol1/fastq/SRR852/002/SRR8526732/SRR8526732_2.fastq.gz,28a3e044164d486b4162d7f461e59c4e;dcc5a72d1c335858ba42a5df646195cb,3149847671;3271506654,,GSE126044,ftp.sra.ebi.ac.uk/vol1/fastq/SRR852/002/SRR8526732/SRR8526732_1.fastq.gz,ftp.sra.ebi.ac.uk/vol1/fastq/SRR852/002/SRR8526732/SRR8526732_2.fastq.gz,https://ftp.sra.ebi.ac.uk/vol1/fastq/SRR852/002/SRR8526732/SRR8526732_1.fastq.gz,https://ftp.sra.ebi.ac.uk/vol1/fastq/SRR852/002/SRR8526732/SRR8526732_2.fastq.gz,28a3e044164d486b4162d7f461e59c4e,dcc5a72d1c335858ba42a5df646195cb,3149847671.0,3271506654.0,6.42
SRR8526718,SRX5329529,SAMN10868680,PRJNA520852,GSM3589674,,RNA-Seq,TRANSCRIPTOMIC,cDNA,PAIRED,ILLUMINA,Illumina HiSeq 2500,33533293,6773725186,ftp.sra.ebi.ac.uk/vol1/fastq/SRR852/008/SRR8526718/SRR8526718_1.fastq.gz;ftp.sra.ebi.ac.uk/vol1/fastq/SRR852/008/SRR8526718/SRR8526718_2.fastq.gz,3dab28b872db4f2f350a494072b92741;537a3c6c533459a1970b62a162264556,2566003366;2780048559,,GSE126044,ftp.sra.ebi.ac.uk/vol1/fastq/SRR852/008/SRR8526718/SRR8526718_1.fastq.gz,ftp.sra.ebi.ac.uk/vol1/fastq/SRR852/008/SRR8526718/SRR8526718_2.fastq.gz,https://ftp.sra.ebi.ac.uk/vol1/fastq/SRR852/008/SRR8526718/SRR8526718_1.fastq.gz,https://ftp.sra.ebi.ac.uk/vol1/fastq/SRR852/008/SRR8526718/SRR8526718_2.fastq.gz,3dab28b872db4f2f350a494072b92741,537a3c6c533459a1970b62a162264556,2566003366.0,2780048559.0,5.35
SRR8526719,SRX5329530,SAMN10868679,PRJNA520852,GSM3589675,,RNA-Seq,TRANSCRIPTOMIC,cDNA,PAIRED,ILLUMINA,Illumina HiSeq 2500,43004777,8686964954,ftp.sra.ebi.ac.uk/vol1/fastq/SRR852/009/SRR8526719/SRR8526719_1.fastq.gz;ftp.sra.ebi.ac.uk/vol1/fastq/SRR852/009/SRR8526719/SRR8526719_2.fastq.gz,28f5fa753a02e1f18815e3f37a820bec;d99f877b8bbf1a5f886a0203c692bdeb,3524784896;3504343095,,GSE126044,ftp.sra.ebi.ac.uk/vol1/fastq/SRR852/009/SRR8526719/SRR8526719_1.fastq.gz,ftp.sra.ebi.ac.uk/vol1/fastq/SRR852/009/SRR8526719/SRR8526719_2.fastq.gz,https://ftp.sra.ebi.ac.uk/vol1/fastq/SRR852/009/SRR8526719/SRR8526719_1.fastq.gz,https://ftp.sra.ebi.ac.uk/vol1/fastq/SRR852/009/SRR8526719/SRR8526719_2.fastq.gz,28f5fa753a02e1f18815e3f37a820bec,d99f877b8bbf1a5f886a0203c692bdeb,3524784896.0,3504343095.0,7.03
SRR8526721,SRX5329532,SAMN10868677,PRJNA520852,GSM3589677,,RNA-Seq,TRANSCRIPTOMIC,cDNA,PAIRED,ILLUMINA,Illumina HiSeq 2500,36442254,7361335308,ftp.sra.ebi.ac.uk/vol1/fastq/SRR852/001/SRR8526721/SRR8526721_1.fastq.gz;ftp.sra.ebi.ac.uk/vol1/fastq/SRR852/001/SRR8526721/SRR8526721_2.fastq.gz,701e206d0e08db328be9322f5a76d5a5;8a0c85e09e4c375f5aca31695d5ca97c,2800352357;3059069297,,GSE126044,ftp.sra.ebi.ac.uk/vol1/fastq/SRR852/001/SRR8526721/SRR8526721_1.fastq.gz,ftp.sra.ebi.ac.uk/vol1/fastq/SRR852/001/SRR8526721/SRR8526721_2.fastq.gz,https://ftp.sra.ebi.ac.uk/vol1/fastq/SRR852/001/SRR8526721/SRR8526721_1.fastq.gz,https://ftp.sra.ebi.ac.uk/vol1/fastq/SRR852/001/SRR8526721/SRR8526721_2.fastq.gz,701e206d0e08db328be9322f5a76d5a5,8a0c85e09e4c375f5aca31695d5ca97c,2800352357.0,3059069297.0,5.86
SRR8526723,SRX5329534,SAMN10868675,PRJNA520852,GSM3589679,,RNA-Seq,TRANSCRIPTOMIC,cDNA,PAIRED,ILLUMINA,Illumina HiSeq 2500,36849850,7443669700,ftp.sra.ebi.ac.uk/vol1/fastq/SRR852/003/SRR8526723/SRR8526723_1.fastq.gz;ftp.sra.ebi.ac.uk/vol1/fastq/SRR852/003/SRR8526723/SRR8526723_2.fastq.gz,aaa605050f943fca086ac49aff891b2b;da370d815dfdc7209a0d7ee0fda908d0,2792753611;3023492064,,GSE126044,ftp.sra.ebi.ac.uk/vol1/fastq/SRR852/003/SRR8526723/SRR8526723_1.fastq.gz,ftp.sra.ebi.ac.uk/vol1/fastq/SRR852/003/SRR8526723/SRR8526723_2.fastq.gz,https://ftp.sra.ebi.ac.uk/vol1/fastq/SRR852/003/SRR8526723/SRR8526723_1.fastq.gz,https://ftp.sra.ebi.ac.uk/vol1/fastq/SRR852/003/SRR8526723/SRR8526723_2.fastq.gz,aaa605050f943fca086ac49aff891b2b,da370d815dfdc7209a0d7ee0fda908d0,2792753611.0,3023492064.0,5.82
SRR8526725,SRX5329536,SAMN10868673,PRJNA520852,GSM3589681,,RNA-Seq,TRANSCRIPTOMIC,cDNA,PAIRED,ILLUMINA,Illumina HiSeq 2500,33354913,6737692426,ftp.sra.ebi.ac.uk/vol1/fastq/SRR852/005/SRR8526725/SRR8526725_1.fastq.gz;ftp.sra.ebi.ac.uk/vol1/fastq/SRR852/005/SRR8526725/SRR8526725_2.fastq.gz,5932acef93e74e2942a244426680f156;b338c2b35819793a9555fe22b7e8c4f5,2497862791;2590047744,,GSE126044,ftp.sra.ebi.ac.uk/vol1/fastq/SRR852/005/SRR8526725/SRR8526725_1.fastq.gz,ftp.sra.ebi.ac.uk/vol1/fastq/SRR852/005/SRR8526725/SRR8526725_2.fastq.gz,https://ftp.sra.ebi.ac.uk/vol1/fastq/SRR852/005/SRR8526725/SRR8526725_1.fastq.gz,https://ftp.sra.ebi.ac.uk/vol1/fastq/SRR852/005/SRR8526725/SRR8526725_2.fastq.gz,5932acef93e74e2942a244426680f156,b338c2b35819793a9555fe22b7e8c4f5,2497862791.0,2590047744.0,5.09
SRR8526728,SRX5329539,SAMN10868682,PRJNA520852,GSM3589684,,RNA-Seq,TRANSCRIPTOMIC,cDNA,PAIRED,ILLUMINA,Illumina HiSeq 2500,41365108,8355751816,ftp.sra.ebi.ac.uk/vol1/fastq/SRR852/008/SRR8526728/SRR8526728_1.fastq.gz;ftp.sra.ebi.ac.uk/vol1/fastq/SRR852/008/SRR8526728/SRR8526728_2.fastq.gz,55f18e2b475e4ef88b626d48ed89ae3d;a0bbff5bd130c11dfbf44114a931d7fc,3120299654;3329941153,,GSE126044,ftp.sra.ebi.ac.uk/vol1/fastq/SRR852/008/SRR8526728/SRR8526728_1.fastq.gz,ftp.sra.ebi.ac.uk/vol1/fastq/SRR852/008/SRR8526728/SRR8526728_2.fastq.gz,https://ftp.sra.ebi.ac.uk/vol1/fastq/SRR852/008/SRR8526728/SRR8526728_1.fastq.gz,https://ftp.sra.ebi.ac.uk/vol1/fastq/SRR852/008/SRR8526728/SRR8526728_2.fastq.gz,55f18e2b475e4ef88b626d48ed89ae3d,a0bbff5bd130c11dfbf44114a931d7fc,3120299654.0,3329941153.0,6.45
SRR8526729,SRX5329540,SAMN10868669,PRJNA520852,GSM3589685,,RNA-Seq,TRANSCRIPTOMIC,cDNA,PAIRED,ILLUMINA,Illumina HiSeq 2500,43556832,8798480064,ftp.sra.ebi.ac.uk/vol1/fastq/SRR852/009/SRR8526729/SRR8526729_1.fastq.gz;ftp.sra.ebi.ac.uk/vol1/fastq/SRR852/009/SRR8526729/SRR8526729_2.fastq.gz,f36b3236f1b9eaef0e272a071fe54b47;29c9f8b885fb1ea7a27e119100f23c6f,3369607302;3525550540,,GSE126044,ftp.sra.ebi.ac.uk/vol1/fastq/SRR852/009/SRR8526729/SRR8526729_1.fastq.gz,ftp.sra.ebi.ac.uk/vol1/fastq/SRR852/009/SRR8526729/SRR8526729_2.fastq.gz,https://ftp.sra.ebi.ac.uk/vol1/fastq/SRR852/009/SRR8526729/SRR8526729_1.fastq.gz,https://ftp.sra.ebi.ac.uk/vol1/fastq/SRR852/009/SRR8526729/SRR8526729_2.fastq.gz,f36b3236f1b9eaef0e272a071fe54b47,29c9f8b885fb1ea7a27e119100f23c6f,3369607302.0,3525550540.0,6.9
SRR8526730,SRX5329541,SAMN10868668,PRJNA520852,GSM3589686,,RNA-Seq,TRANSCRIPTOMIC,cDNA,PAIRED,ILLUMINA,Illumina HiSeq 2500,46056824,9303478448,ftp.sra.ebi.ac.uk/vol1/fastq/SRR852/000/SRR8526730/SRR8526730_1.fastq.gz;ftp.sra.ebi.ac.uk/vol1/fastq/SRR852/000/SRR8526730/SRR8526730_2.fastq.gz,caa63f5df4102b21c5e762eeff9d60a9;448ffe9420a3d39778a67a4713b646f3,3558756833;3693879062,,GSE126044,ftp.sra.ebi.ac.uk/vol1/fastq/SRR852/000/SRR8526730/SRR8526730_1.fastq.gz,ftp.sra.ebi.ac.uk/vol1/fastq/SRR852/000/SRR8526730/SRR8526730_2.fastq.gz,https://ftp.sra.ebi.ac.uk/vol1/fastq/SRR852/000/SRR8526730/SRR8526730_1.fastq.gz,https://ftp.sra.ebi.ac.uk/vol1/fastq/SRR852/000/SRR8526730/SRR8526730_2.fastq.gz,caa63f5df4102b21c5e762eeff9d60a9,448ffe9420a3d39778a67a4713b646f3,3558756833.0,3693879062.0,7.25
SRR8526717,SRX5329528,SAMN10868681,PRJNA520852,GSM3589673,,RNA-Seq,TRANSCRIPTOMIC,cDNA,PAIRED,ILLUMINA,Illumina HiSeq 2500,38585058,7794181716,ftp.sra.ebi.ac.uk/vol1/fastq/SRR852/007/SRR8526717/SRR8526717_1.fastq.gz;ftp.sra.ebi.ac.uk/vol1/fastq/SRR852/007/SRR8526717/SRR8526717_2.fastq.gz,54e0be41f7e1f9e4032a9150d7ef0e6e;c4d18edf581d2b823517e931b4843bac,3193207707;3225468903,,GSE126044,ftp.sra.ebi.ac.uk/vol1/fastq/SRR852/007/SRR8526717/SRR8526717_1.fastq.gz,ftp.sra.ebi.ac.uk/vol1/fastq/SRR852/007/SRR8526717/SRR8526717_2.fastq.gz,https://ftp.sra.ebi.ac.uk/vol1/fastq/SRR852/007/SRR8526717/SRR8526717_1.fastq.gz,https://ftp.sra.ebi.ac.uk/vol1/fastq/SRR852/007/SRR8526717/SRR8526717_2.fastq.gz,54e0be41f7e1f9e4032a9150d7ef0e6e,c4d18edf581d2b823517e931b4843bac,3193207707.0,3225468903.0,6.42
SRR8526720,SRX5329531,SAMN10868678,PRJNA520852,GSM3589676,,RNA-Seq,TRANSCRIPTOMIC,cDNA,PAIRED,ILLUMINA,Illumina HiSeq 2500,30607979,6182811758,ftp.sra.ebi.ac.uk/vol1/fastq/SRR852/000/SRR8526720/SRR8526720_1.fastq.gz;ftp.sra.ebi.ac.uk/vol1/fastq/SRR852/000/SRR8526720/SRR8526720_2.fastq.gz,67f8ef01d251bcf9fda612653028daf5;77f3911a5012b38f7735fd58cc0b9ac6,2353793632;2548020511,,GSE126044,ftp.sra.ebi.ac.uk/vol1/fastq/SRR852/000/SRR8526720/SRR8526720_1.fastq.gz,ftp.sra.ebi.ac.uk/vol1/fastq/SRR852/000/SRR8526720/SRR8526720_2.fastq.gz,https://ftp.sra.ebi.ac.uk/vol1/fastq/SRR852/000/SRR8526720/SRR8526720_1.fastq.gz,https://ftp.sra.ebi.ac.uk/vol1/fastq/SRR852/000/SRR8526720/SRR8526720_2.fastq.gz,67f8ef01d251bcf9fda612653028daf5,77f3911a5012b38f7735fd58cc0b9ac6,2353793632.0,2548020511.0,4.9
SRR8526727,SRX5329538,SAMN10868671,PRJNA520852,GSM3589683,,RNA-Seq,TRANSCRIPTOMIC,cDNA,PAIRED,ILLUMINA,Illumina HiSeq 2500,38636333,7804539266,ftp.sra.ebi.ac.uk/vol1/fastq/SRR852/007/SRR8526727/SRR8526727_1.fastq.gz;ftp.sra.ebi.ac.uk/vol1/fastq/SRR852/007/SRR8526727/SRR8526727_2.fastq.gz,2ee4038ad12b866206536c50d31c3da1;0660d6b21660f09749bf8b1fdea664b2,2841525929;3010979482,,GSE126044,ftp.sra.ebi.ac.uk/vol1/fastq/SRR852/007/SRR8526727/SRR8526727_1.fastq.gz,ftp.sra.ebi.ac.uk/vol1/fastq/SRR852/007/SRR8526727/SRR8526727_2.fastq.gz,https://ftp.sra.ebi.ac.uk/vol1/fastq/SRR852/007/SRR8526727/SRR8526727_1.fastq.gz,https://ftp.sra.ebi.ac.uk/vol1/fastq/SRR852/007/SRR8526727/SRR8526727_2.fastq.gz,2ee4038ad12b866206536c50d31c3da1,0660d6b21660f09749bf8b1fdea664b2,2841525929.0,3010979482.0,5.85
SRR9879274,SRX6631832,SAMN12421234,PRJNA557841,GSM3995411,,RNA-Seq,TRANSCRIPTOMIC,cDNA,PAIRED,ILLUMINA,Illumina HiSeq 2500,30517348,6103469600,ftp.sra.ebi.ac.uk/vol1/fastq/SRR987/004/SRR9879274/SRR9879274_1.fastq.gz;ftp.sra.ebi.ac.uk/vol1/fastq/SRR987/004/SRR9879274/SRR9879274_2.fastq.gz,4e01b118db8ad0749c2615a78d536b90;28c78ee29e969e1a9c744a112a9df2f3,1637044510;1656865821,,GSE135222,ftp.sra.ebi.ac.uk/vol1/fastq/SRR987/004/SRR9879274/SRR9879274_1.fastq.gz,ftp.sra.ebi.ac.uk/vol1/fastq/SRR987/004/SRR9879274/SRR9879274_2.fastq.gz,https://ftp.sra.ebi.ac.uk/vol1/fastq/SRR987/004/SRR9879274/SRR9879274_1.fastq.gz,https://ftp.sra.ebi.ac.uk/vol1/fastq/SRR987/004/SRR9879274/SRR9879274_2.fastq.gz,4e01b118db8ad0749c2615a78d536b90,28c78ee29e969e1a9c744a112a9df2f3,1637044510.0,1656865821.0,3.29
SRR9879276,SRX6631834,SAMN12421198,PRJNA557841,GSM3995413,,RNA-Seq,TRANSCRIPTOMIC,cDNA,PAIRED,ILLUMINA,Illumina HiSeq 2500,39207522,7841504400,ftp.sra.ebi.ac.uk/vol1/fastq/SRR987/006/SRR9879276/SRR9879276_1.fastq.gz;ftp.sra.ebi.ac.uk/vol1/fastq/SRR987/006/SRR9879276/SRR9879276_2.fastq.gz,34f56613ebf801e9343a5ac88e4b3e34;c4b15fa92318a61aca11e3b8347713b0,2482047315;2504822092,,GSE135222,ftp.sra.ebi.ac.uk/vol1/fastq/SRR987/006/SRR9879276/SRR9879276_1.fastq.gz,ftp.sra.ebi.ac.uk/vol1/fastq/SRR987/006/SRR9879276/SRR9879276_2.fastq.gz,https://ftp.sra.ebi.ac.uk/vol1/fastq/SRR987/006/SRR9879276/SRR9879276_1.fastq.gz,https://ftp.sra.ebi.ac.uk/vol1/fastq/SRR987/006/SRR9879276/SRR9879276_2.fastq.gz,34f56613ebf801e9343a5ac88e4b3e34,c4b15fa92318a61aca11e3b8347713b0,2482047315.0,2504822092.0,4.99
SRR9879277,SRX6631835,SAMN12421197,PRJNA557841,GSM3995414,,RNA-Seq,TRANSCRIPTOMIC,cDNA,PAIRED,ILLUMINA,Illumina HiSeq 2500,40713516,8142703200,ftp.sra.ebi.ac.uk/vol1/fastq/SRR987/007/SRR9879277/SRR9879277_1.fastq.gz;ftp.sra.ebi.ac.uk/vol1/fastq/SRR987/007/SRR9879277/SRR9879277_2.fastq.gz,adda5a03a5a7d226eb7c55d3d4808458;b9977ae3316763f3bde19d9260c850a5,2577368932;2607097382,,GSE135222,ftp.sra.ebi.ac.uk/vol1/fastq/SRR987/007/SRR9879277/SRR9879277_1.fastq.gz,ftp.sra.ebi.ac.uk/vol1/fastq/SRR987/007/SRR9879277/SRR9879277_2.fastq.gz,https://ftp.sra.ebi.ac.uk/vol1/fastq/SRR987/007/SRR9879277/SRR9879277_1.fastq.gz,https://ftp.sra.ebi.ac.uk/vol1/fastq/SRR987/007/SRR9879277/SRR9879277_2.fastq.gz,adda5a03a5a7d226eb7c55d3d4808458,b9977ae3316763f3bde19d9260c850a5,2577368932.0,2607097382.0,5.18
SRR9879278,SRX6631836,SAMN12421232,PRJNA557841,GSM3995415,,RNA-Seq,TRANSCRIPTOMIC,cDNA,PAIRED,ILLUMINA,Illumina HiSeq 2500,52491866,10498373200,ftp.sra.ebi.ac.uk/vol1/fastq/SRR987/008/SRR9879278/SRR9879278_1.fastq.gz;ftp.sra.ebi.ac.uk/vol1/fastq/SRR987/008/SRR9879278/SRR9879278_2.fastq.gz,8dd649d13fb3899470454f3657a00648;64acedd54e580fb6acb516233e5675c9,2700612738;2737936451,,GSE135222,ftp.sra.ebi.ac.uk/vol1/fastq/SRR987/008/SRR9879278/SRR9879278_1.fastq.gz,ftp.sra.ebi.ac.uk/vol1/fastq/SRR987/008/SRR9879278/SRR9879278_2.fastq.gz,https://ftp.sra.ebi.ac.uk/vol1/fastq/SRR987/008/SRR9879278/SRR9879278_1.fastq.gz,https://ftp.sra.ebi.ac.uk/vol1/fastq/SRR987/008/SRR9879278/SRR9879278_2.fastq.gz,8dd649d13fb3899470454f3657a00648,64acedd54e580fb6acb516233e5675c9,2700612738.0,2737936451.0,5.44
SRR9879281,SRX6631839,SAMN12421229,PRJNA557841,GSM3995418,,RNA-Seq,TRANSCRIPTOMIC,cDNA,PAIRED,ILLUMINA,Illumina HiSeq 2500,42143226,8428645200,ftp.sra.ebi.ac.uk/vol1/fastq/SRR987/001/SRR9879281/SRR9879281_1.fastq.gz;ftp.sra.ebi.ac.uk/vol1/fastq/SRR987/001/SRR9879281/SRR9879281_2.fastq.gz,fe27c8d2d564cf62070a6a476dc268a7;71e3d1a7f47dcb1afe045835aa273d9b,2667779711;2696614785,,GSE135222,ftp.sra.ebi.ac.uk/vol1/fastq/SRR987/001/SRR9879281/SRR9879281_1.fastq.gz,ftp.sra.ebi.ac.uk/vol1/fastq/SRR987/001/SRR9879281/SRR9879281_2.fastq.gz,https://ftp.sra.ebi.ac.uk/vol1/fastq/SRR987/001/SRR9879281/SRR9879281_1.fastq.gz,https://ftp.sra.ebi.ac.uk/vol1/fastq/SRR987/001/SRR9879281/SRR9879281_2.fastq.gz,fe27c8d2d564cf62070a6a476dc268a7,71e3d1a7f47dcb1afe045835aa273d9b,2667779711.0,2696614785.0,5.36
SRR9879286,SRX6631844,SAMN12421224,PRJNA557841,GSM3995423,,RNA-Seq,TRANSCRIPTOMIC,cDNA,PAIRED,ILLUMINA,Illumina HiSeq 2500,36676282,7335256400,ftp.sra.ebi.ac.uk/vol1/fastq/SRR987/006/SRR9879286/SRR9879286_1.fastq.gz;ftp.sra.ebi.ac.uk/vol1/fastq/SRR987/006/SRR9879286/SRR9879286_2.fastq.gz,c52c9ce8dd514bd567d520fff9edc6d6;0be48e4a7c85f91690f1d22f5f0fde0b,1878556394;1898139916,,GSE135222,ftp.sra.ebi.ac.uk/vol1/fastq/SRR987/006/SRR9879286/SRR9879286_1.fastq.gz,ftp.sra.ebi.ac.uk/vol1/fastq/SRR987/006/SRR9879286/SRR9879286_2.fastq.gz,https://ftp.sra.ebi.ac.uk/vol1/fastq/SRR987/006/SRR9879286/SRR9879286_1.fastq.gz,https://ftp.sra.ebi.ac.uk/vol1/fastq/SRR987/006/SRR9879286/SRR9879286_2.fastq.gz,c52c9ce8dd514bd567d520fff9edc6d6,0be48e4a7c85f91690f1d22f5f0fde0b,1878556394.0,1898139916.0,3.78
SRR9879288,SRX6631846,SAMN12421222,PRJNA557841,GSM3995425,,RNA-Seq,TRANSCRIPTOMIC,cDNA,PAIRED,ILLUMINA,Illumina HiSeq 2500,32527749,6505549800,ftp.sra.ebi.ac.uk/vol1/fastq/SRR987/008/SRR9879288/SRR9879288_1.fastq.gz;ftp.sra.ebi.ac.uk/vol1/fastq/SRR987/008/SRR9879288/SRR9879288_2.fastq.gz,87e0ab4bcd2bdc2c63980267f54151e3;b71f1ca53ef0534086060a4190669fbd,2035425795;2090695333,,GSE135222,ftp.sra.ebi.ac.uk/vol1/fastq/SRR987/008/SRR9879288/SRR9879288_1.fastq.gz,ftp.sra.ebi.ac.uk/vol1/fastq/SRR987/008/SRR9879288/SRR9879288_2.fastq.gz,https://ftp.sra.ebi.ac.uk/vol1/fastq/SRR987/008/SRR9879288/SRR9879288_1.fastq.gz,https://ftp.sra.ebi.ac.uk/vol1/fastq/SRR987/008/SRR9879288/SRR9879288_2.fastq.gz,87e0ab4bcd2bdc2c63980267f54151e3,b71f1ca53ef0534086060a4190669fbd,2035425795.0,2090695333.0,4.13
SRR9879289,SRX6631847,SAMN12421221,PRJNA557841,GSM3995426,,RNA-Seq,TRANSCRIPTOMIC,cDNA,PAIRED,ILLUMINA,Illumina HiSeq 2500,23459426,4691885200,ftp.sra.ebi.ac.uk/vol1/fastq/SRR987/009/SRR9879289/SRR9879289_1.fastq.gz;ftp.sra.ebi.ac.uk/vol1/fastq/SRR987/009/SRR9879289/SRR9879289_2.fastq.gz,a817609c89644300e8689b2101233483;153be49d00b3e26e9fbc6a3395a140ea,1259474659;1287178351,,GSE135222,ftp.sra.ebi.ac.uk/vol1/fastq/SRR987/009/SRR9879289/SRR9879289_1.fastq.gz,ftp.sra.ebi.ac.uk/vol1/fastq/SRR987/009/SRR9879289/SRR9879289_2.fastq.gz,https://ftp.sra.ebi.ac.uk/vol1/fastq/SRR987/009/SRR9879289/SRR9879289_1.fastq.gz,https://ftp.sra.ebi.ac.uk/vol1/fastq/SRR987/009/SRR9879289/SRR9879289_2.fastq.gz,a817609c89644300e8689b2101233483,153be49d00b3e26e9fbc6a3395a140ea,1259474659.0,1287178351.0,2.55
SRR9879291,SRX6631849,SAMN12421219,PRJNA557841,GSM3995428,,RNA-Seq,TRANSCRIPTOMIC,cDNA,PAIRED,ILLUMINA,Illumina HiSeq 2500,29376976,5875395200,ftp.sra.ebi.ac.uk/vol1/fastq/SRR987/001/SRR9879291/SRR9879291_1.fastq.gz;ftp.sra.ebi.ac.uk/vol1/fastq/SRR987/001/SRR9879291/SRR9879291_2.fastq.gz,6c7d05fe67b0deb4f0341013d7e073da;2a52eba422d22d733d175da9ca4f98da,1796648212;1823994764,,GSE135222,ftp.sra.ebi.ac.uk/vol1/fastq/SRR987/001/SRR9879291/SRR9879291_1.fastq.gz,ftp.sra.ebi.ac.uk/vol1/fastq/SRR987/001/SRR9879291/SRR9879291_2.fastq.gz,https://ftp.sra.ebi.ac.uk/vol1/fastq/SRR987/001/SRR9879291/SRR9879291_1.fastq.gz,https://ftp.sra.ebi.ac.uk/vol1/fastq/SRR987/001/SRR9879291/SRR9879291_2.fastq.gz,6c7d05fe67b0deb4f0341013d7e073da,2a52eba422d22d733d175da9ca4f98da,1796648212.0,1823994764.0,3.62
SRR9879266,SRX6631824,SAMN12419349,PRJNA557841,GSM3995403,,RNA-Seq,TRANSCRIPTOMIC,cDNA,PAIRED,ILLUMINA,Illumina HiSeq 2500,51199177,10239835400,ftp.sra.ebi.ac.uk/vol1/fastq/SRR987/006/SRR9879266/SRR9879266_1.fastq.gz;ftp.sra.ebi.ac.uk/vol1/fastq/SRR987/006/SRR9879266/SRR9879266_2.fastq.gz,eeba4206d51e996df420e949c4700c1a;a93001017bdce5da6a7c4f1dc04e8700,2259376940;2233435917,,GSE135222,ftp.sra.ebi.ac.uk/vol1/fastq/SRR987/006/SRR9879266/SRR9879266_1.fastq.gz,ftp.sra.ebi.ac.uk/vol1/fastq/SRR987/006/SRR9879266/SRR9879266_2.fastq.gz,https://ftp.sra.ebi.ac.uk/vol1/fastq/SRR987/006/SRR9879266/SRR9879266_1.fastq.gz,https://ftp.sra.ebi.ac.uk/vol1/fastq/SRR987/006/SRR9879266/SRR9879266_2.fastq.gz,eeba4206d51e996df420e949c4700c1a,a93001017bdce5da6a7c4f1dc04e8700,2259376940.0,2233435917.0,4.49
SRR9879268,SRX6631826,SAMN12419347,PRJNA557841,GSM3995405,,RNA-Seq,TRANSCRIPTOMIC,cDNA,PAIRED,ILLUMINA,Illumina HiSeq 2500,8898654,1779730800,ftp.sra.ebi.ac.uk/vol1/fastq/SRR987/008/SRR9879268/SRR9879268_1.fastq.gz;ftp.sra.ebi.ac.uk/vol1/fastq/SRR987/008/SRR9879268/SRR9879268_2.fastq.gz,c07bbd6cd801c46338ee61daea271aae;bc9721cacb7f16e8dd1f1bfe84043f6d,515426283;520893544,,GSE135222,ftp.sra.ebi.ac.uk/vol1/fastq/SRR987/008/SRR9879268/SRR9879268_1.fastq.gz,ftp.sra.ebi.ac.uk/vol1/fastq/SRR987/008/SRR9879268/SRR9879268_2.fastq.gz,https://ftp.sra.ebi.ac.uk/vol1/fastq/SRR987/008/SRR9879268/SRR9879268_1.fastq.gz,https://ftp.sra.ebi.ac.uk/vol1/fastq/SRR987/008/SRR9879268/SRR9879268_2.fastq.gz,c07bbd6cd801c46338ee61daea271aae,bc9721cacb7f16e8dd1f1bfe84043f6d,515426283.0,520893544.0,1.04
SRR9879272,SRX6631830,SAMN12421236,PRJNA557841,GSM3995409,,RNA-Seq,TRANSCRIPTOMIC,cDNA,PAIRED,ILLUMINA,Illumina HiSeq 2500,31181135,6236227000,ftp.sra.ebi.ac.uk/vol1/fastq/SRR987/002/SRR9879272/SRR9879272_1.fastq.gz;ftp.sra.ebi.ac.uk/vol1/fastq/SRR987/002/SRR9879272/SRR9879272_2.fastq.gz,27194c120c8205ac16e02d5ac3401b6b;68a6d6c86934f35656787e7846781269,1705692423;1712086752,,GSE135222,ftp.sra.ebi.ac.uk/vol1/fastq/SRR987/002/SRR9879272/SRR9879272_1.fastq.gz,ftp.sra.ebi.ac.uk/vol1/fastq/SRR987/002/SRR9879272/SRR9879272_2.fastq.gz,https://ftp.sra.ebi.ac.uk/vol1/fastq/SRR987/002/SRR9879272/SRR9879272_1.fastq.gz,https://ftp.sra.ebi.ac.uk/vol1/fastq/SRR987/002/SRR9879272/SRR9879272_2.fastq.gz,27194c120c8205ac16e02d5ac3401b6b,68a6d6c86934f35656787e7846781269,1705692423.0,1712086752.0,3.42
SRR9879275,SRX6631833,SAMN12421233,PRJNA557841,GSM3995412,,RNA-Seq,TRANSCRIPTOMIC,cDNA,PAIRED,ILLUMINA,Illumina HiSeq 2500,28898600,5779720000,ftp.sra.ebi.ac.uk/vol1/fastq/SRR987/005/SRR9879275/SRR9879275_1.fastq.gz;ftp.sra.ebi.ac.uk/vol1/fastq/SRR987/005/SRR9879275/SRR9879275_2.fastq.gz,9d8e60ee8e0d525c4dc718255634b055;3994db42de4ad6b63440cf48f10de736,1497207950;1525800881,,GSE135222,ftp.sra.ebi.ac.uk/vol1/fastq/SRR987/005/SRR9879275/SRR9879275_1.fastq.gz,ftp.sra.ebi.ac.uk/vol1/fastq/SRR987/005/SRR9879275/SRR9879275_2.fastq.gz,https://ftp.sra.ebi.ac.uk/vol1/fastq/SRR987/005/SRR9879275/SRR9879275_1.fastq.gz,https://ftp.sra.ebi.ac.uk/vol1/fastq/SRR987/005/SRR9879275/SRR9879275_2.fastq.gz,9d8e60ee8e0d525c4dc718255634b055,3994db42de4ad6b63440cf48f10de736,1497207950.0,1525800881.0,3.02
SRR9879279,SRX6631837,SAMN12421231,PRJNA557841,GSM3995416,,RNA-Seq,TRANSCRIPTOMIC,cDNA,PAIRED,ILLUMINA,Illumina HiSeq 2500,41772214,8354442800,ftp.sra.ebi.ac.uk/vol1/fastq/SRR987/009/SRR9879279/SRR9879279_1.fastq.gz;ftp.sra.ebi.ac.uk/vol1/fastq/SRR987/009/SRR9879279/SRR9879279_2.fastq.gz,38c0fd541b2ccc047caadb51db4792f0;7b91729e43f1693e73797625fb0a78c7,2617465358;2644801281,,GSE135222,ftp.sra.ebi.ac.uk/vol1/fastq/SRR987/009/SRR9879279/SRR9879279_1.fastq.gz,ftp.sra.ebi.ac.uk/vol1/fastq/SRR987/009/SRR9879279/SRR9879279_2.fastq.gz,https://ftp.sra.ebi.ac.uk/vol1/fastq/SRR987/009/SRR9879279/SRR9879279_1.fastq.gz,https://ftp.sra.ebi.ac.uk/vol1/fastq/SRR987/009/SRR9879279/SRR9879279_2.fastq.gz,38c0fd541b2ccc047caadb51db4792f0,7b91729e43f1693e73797625fb0a78c7,2617465358.0,2644801281.0,5.26
SRR9879280,SRX6631838,SAMN12421230,PRJNA557841,GSM3995417,,RNA-Seq,TRANSCRIPTOMIC,cDNA,PAIRED,ILLUMINA,Illumina HiSeq 2500,31091960,6218392000,ftp.sra.ebi.ac.uk/vol1/fastq/SRR987/000/SRR9879280/SRR9879280_1.fastq.gz;ftp.sra.ebi.ac.uk/vol1/fastq/SRR987/000/SRR9879280/SRR9879280_2.fastq.gz,207b20661f16edaeeec583d18321e8ab;f0a51ddbf4b37572aaec04718f376dde,1548410152;1531130179,,GSE135222,ftp.sra.ebi.ac.uk/vol1/fastq/SRR987/000/SRR9879280/SRR9879280_1.fastq.gz,ftp.sra.ebi.ac.uk/vol1/fastq/SRR987/000/SRR9879280/SRR9879280_2.fastq.gz,https://ftp.sra.ebi.ac.uk/vol1/fastq/SRR987/000/SRR9879280/SRR9879280_1.fastq.gz,https://ftp.sra.ebi.ac.uk/vol1/fastq/SRR987/000/SRR9879280/SRR9879280_2.fastq.gz,207b20661f16edaeeec583d18321e8ab,f0a51ddbf4b37572aaec04718f376dde,1548410152.0,1531130179.0,3.08
SRR9879282,SRX6631840,SAMN12421228,PRJNA557841,GSM3995419,,RNA-Seq,TRANSCRIPTOMIC,cDNA,PAIRED,ILLUMINA,Illumina HiSeq 2500,34303399,6860679800,ftp.sra.ebi.ac.uk/vol1/fastq/SRR987/002/SRR9879282/SRR9879282_1.fastq.gz;ftp.sra.ebi.ac.uk/vol1/fastq/SRR987/002/SRR9879282/SRR9879282_2.fastq.gz,6fe3c5c5ea1c1c7263b5fe59b50e90e0;5ed69f3885783f2cf5faa5313c805a4f,2102457706;2118774960,,GSE135222,ftp.sra.ebi.ac.uk/vol1/fastq/SRR987/002/SRR9879282/SRR9879282_1.fastq.gz,ftp.sra.ebi.ac.uk/vol1/fastq/SRR987/002/SRR9879282/SRR9879282_2.fastq.gz,https://ftp.sra.ebi.ac.uk/vol1/fastq/SRR987/002/SRR9879282/SRR9879282_1.fastq.gz,https://ftp.sra.ebi.ac.uk/vol1/fastq/SRR987/002/SRR9879282/SRR9879282_2.fastq.gz,6fe3c5c5ea1c1c7263b5fe59b50e90e0,5ed69f3885783f2cf5faa5313c805a4f,2102457706.0,2118774960.0,4.22
SRR9879283,SRX6631841,SAMN12421227,PRJNA557841,GSM3995420,,RNA-Seq,TRANSCRIPTOMIC,cDNA,PAIRED,ILLUMINA,Illumina HiSeq 2500,25079077,5015815400,ftp.sra.ebi.ac.uk/vol1/fastq/SRR987/003/SRR9879283/SRR9879283_1.fastq.gz;ftp.sra.ebi.ac.uk/vol1/fastq/SRR987/003/SRR9879283/SRR9879283_2.fastq.gz,d27119bad9623fd5fcca781b342c6ca3;4f665b80de3e45d851960b2556c655f4,1554210055;1605088321,,GSE135222,ftp.sra.ebi.ac.uk/vol1/fastq/SRR987/003/SRR9879283/SRR9879283_1.fastq.gz,ftp.sra.ebi.ac.uk/vol1/fastq/SRR987/003/SRR9879283/SRR9879283_2.fastq.gz,https://ftp.sra.ebi.ac.uk/vol1/fastq/SRR987/003/SRR9879283/SRR9879283_1.fastq.gz,https://ftp.sra.ebi.ac.uk/vol1/fastq/SRR987/003/SRR9879283/SRR9879283_2.fastq.gz,d27119bad9623fd5fcca781b342c6ca3,4f665b80de3e45d851960b2556c655f4,1554210055.0,1605088321.0,3.16
SRR9879284,SRX6631842,SAMN12421226,PRJNA557841,GSM3995421,,RNA-Seq,TRANSCRIPTOMIC,cDNA,PAIRED,ILLUMINA,Illumina HiSeq 2500,20076858,4015371600,ftp.sra.ebi.ac.uk/vol1/fastq/SRR987/004/SRR9879284/SRR9879284_1.fastq.gz;ftp.sra.ebi.ac.uk/vol1/fastq/SRR987/004/SRR9879284/SRR9879284_2.fastq.gz,2f0b9657f46c57e2a670e2f08438c0d7;0b762c355f08aa4bd908a6f5ae893c51,1244652315;1296159222,,GSE135222,ftp.sra.ebi.ac.uk/vol1/fastq/SRR987/004/SRR9879284/SRR9879284_1.fastq.gz,ftp.sra.ebi.ac.uk/vol1/fastq/SRR987/004/SRR9879284/SRR9879284_2.fastq.gz,https://ftp.sra.ebi.ac.uk/vol1/fastq/SRR987/004/SRR9879284/SRR9879284_1.fastq.gz,https://ftp.sra.ebi.ac.uk/vol1/fastq/SRR987/004/SRR9879284/SRR9879284_2.fastq.gz,2f0b9657f46c57e2a670e2f08438c0d7,0b762c355f08aa4bd908a6f5ae893c51,1244652315.0,1296159222.0,2.54
SRR9879285,SRX6631843,SAMN12421225,PRJNA557841,GSM3995422,,RNA-Seq,TRANSCRIPTOMIC,cDNA,PAIRED,ILLUMINA,Illumina HiSeq 2500,43433905,8686781000,ftp.sra.ebi.ac.uk/vol1/fastq/SRR987/005/SRR9879285/SRR9879285_1.fastq.gz;ftp.sra.ebi.ac.uk/vol1/fastq/SRR987/005/SRR9879285/SRR9879285_2.fastq.gz,924de99bcfc61b9aedc00ff60203b695;0857fd4aa616568e35483490f417994b,2719398817;2742331669,,GSE135222,ftp.sra.ebi.ac.uk/vol1/fastq/SRR987/005/SRR9879285/SRR9879285_1.fastq.gz,ftp.sra.ebi.ac.uk/vol1/fastq/SRR987/005/SRR9879285/SRR9879285_2.fastq.gz,https://ftp.sra.ebi.ac.uk/vol1/fastq/SRR987/005/SRR9879285/SRR9879285_1.fastq.gz,https://ftp.sra.ebi.ac.uk/vol1/fastq/SRR987/005/SRR9879285/SRR9879285_2.fastq.gz,924de99bcfc61b9aedc00ff60203b695,0857fd4aa616568e35483490f417994b,2719398817.0,2742331669.0,5.46
SRR9879290,SRX6631848,SAMN12421220,PRJNA557841,GSM3995427,,RNA-Seq,TRANSCRIPTOMIC,cDNA,PAIRED,ILLUMINA,Illumina HiSeq 2500,28909882,5781976400,ftp.sra.ebi.ac.uk/vol1/fastq/SRR987/000/SRR9879290/SRR9879290_1.fastq.gz;ftp.sra.ebi.ac.uk/vol1/fastq/SRR987/000/SRR9879290/SRR9879290_2.fastq.gz,215ac468d21113b97ff453abdf7ea1f6;721b3fcf1cd1b180fb109fe749749ea2,1800035289;1825169997,,GSE135222,ftp.sra.ebi.ac.uk/vol1/fastq/SRR987/000/SRR9879290/SRR9879290_1.fastq.gz,ftp.sra.ebi.ac.uk/vol1/fastq/SRR987/000/SRR9879290/SRR9879290_2.fastq.gz,https://ftp.sra.ebi.ac.uk/vol1/fastq/SRR987/000/SRR9879290/SRR9879290_1.fastq.gz,https://ftp.sra.ebi.ac.uk/vol1/fastq/SRR987/000/SRR9879290/SRR9879290_2.fastq.gz,215ac468d21113b97ff453abdf7ea1f6,721b3fcf1cd1b180fb109fe749749ea2,1800035289.0,1825169997.0,3.63
SRR9879265,SRX6631823,SAMN12419350,PRJNA557841,GSM3995402,,RNA-Seq,TRANSCRIPTOMIC,cDNA,PAIRED,ILLUMINA,Illumina HiSeq 2500,34805171,6961034200,ftp.sra.ebi.ac.uk/vol1/fastq/SRR987/005/SRR9879265/SRR9879265_1.fastq.gz;ftp.sra.ebi.ac.uk/vol1/fastq/SRR987/005/SRR9879265/SRR9879265_2.fastq.gz,129f5c8e855120f682f65e6a0edc1b22;484d982c7823b9700854d7642534008d,1607979398;1574430826,,GSE135222,ftp.sra.ebi.ac.uk/vol1/fastq/SRR987/005/SRR9879265/SRR9879265_1.fastq.gz,ftp.sra.ebi.ac.uk/vol1/fastq/SRR987/005/SRR9879265/SRR9879265_2.fastq.gz,https://ftp.sra.ebi.ac.uk/vol1/fastq/SRR987/005/SRR9879265/SRR9879265_1.fastq.gz,https://ftp.sra.ebi.ac.uk/vol1/fastq/SRR987/005/SRR9879265/SRR9879265_2.fastq.gz,129f5c8e855120f682f65e6a0edc1b22,484d982c7823b9700854d7642534008d,1607979398.0,1574430826.0,3.18
SRR9879267,SRX6631825,SAMN12419348,PRJNA557841,GSM3995404,,RNA-Seq,TRANSCRIPTOMIC,cDNA,PAIRED,ILLUMINA,Illumina HiSeq 2500,59395604,11879120800,ftp.sra.ebi.ac.uk/vol1/fastq/SRR987/007/SRR9879267/SRR9879267_1.fastq.gz;ftp.sra.ebi.ac.uk/vol1/fastq/SRR987/007/SRR9879267/SRR9879267_2.fastq.gz,5f82e019a7c6e3073b58700c388b5f87;1127d7a4341ab8866ce48008b625e1a7,3117045232;3129565145,,GSE135222,ftp.sra.ebi.ac.uk/vol1/fastq/SRR987/007/SRR9879267/SRR9879267_1.fastq.gz,ftp.sra.ebi.ac.uk/vol1/fastq/SRR987/007/SRR9879267/SRR9879267_2.fastq.gz,https://ftp.sra.ebi.ac.uk/vol1/fastq/SRR987/007/SRR9879267/SRR9879267_1.fastq.gz,https://ftp.sra.ebi.ac.uk/vol1/fastq/SRR987/007/SRR9879267/SRR9879267_2.fastq.gz,5f82e019a7c6e3073b58700c388b5f87,1127d7a4341ab8866ce48008b625e1a7,3117045232.0,3129565145.0,6.25
SRR9879269,SRX6631827,SAMN12421201,PRJNA557841,GSM3995406,,RNA-Seq,TRANSCRIPTOMIC,cDNA,PAIRED,ILLUMINA,Illumina HiSeq 2500,23810476,4762095200,ftp.sra.ebi.ac.uk/vol1/fastq/SRR987/009/SRR9879269/SRR9879269_1.fastq.gz;ftp.sra.ebi.ac.uk/vol1/fastq/SRR987/009/SRR9879269/SRR9879269_2.fastq.gz,08b51c17a4d8d481e59ddabaf3cdcace;49eafa4a14cbfe5be42f9d10c089c019,1192053964;1183599170,,GSE135222,ftp.sra.ebi.ac.uk/vol1/fastq/SRR987/009/SRR9879269/SRR9879269_1.fastq.gz,ftp.sra.ebi.ac.uk/vol1/fastq/SRR987/009/SRR9879269/SRR9879269_2.fastq.gz,https://ftp.sra.ebi.ac.uk/vol1/fastq/SRR987/009/SRR9879269/SRR9879269_1.fastq.gz,https://ftp.sra.ebi.ac.uk/vol1/fastq/SRR987/009/SRR9879269/SRR9879269_2.fastq.gz,08b51c17a4d8d481e59ddabaf3cdcace,49eafa4a14cbfe5be42f9d10c089c019,1192053964.0,1183599170.0,2.38
SRR9879270,SRX6631828,SAMN12421200,PRJNA557841,GSM3995407,,RNA-Seq,TRANSCRIPTOMIC,cDNA,PAIRED,ILLUMINA,Illumina HiSeq 2500,37865904,7573180800,ftp.sra.ebi.ac.uk/vol1/fastq/SRR987/000/SRR9879270/SRR9879270_1.fastq.gz;ftp.sra.ebi.ac.uk/vol1/fastq/SRR987/000/SRR9879270/SRR9879270_2.fastq.gz,a3ad25ef13ee440448b76059b00314a1;b0572e2079cbf4bc84fc6e262366c4c0,2228330924;2286420865,,GSE135222,ftp.sra.ebi.ac.uk/vol1/fastq/SRR987/000/SRR9879270/SRR9879270_1.fastq.gz,ftp.sra.ebi.ac.uk/vol1/fastq/SRR987/000/SRR9879270/SRR9879270_2.fastq.gz,https://ftp.sra.ebi.ac.uk/vol1/fastq/SRR987/000/SRR9879270/SRR9879270_1.fastq.gz,https://ftp.sra.ebi.ac.uk/vol1/fastq/SRR987/000/SRR9879270/SRR9879270_2.fastq.gz,a3ad25ef13ee440448b76059b00314a1,b0572e2079cbf4bc84fc6e262366c4c0,2228330924.0,2286420865.0,4.51
SRR9879271,SRX6631829,SAMN12421199,PRJNA557841,GSM3995408,,RNA-Seq,TRANSCRIPTOMIC,cDNA,PAIRED,ILLUMINA,Illumina HiSeq 2500,32932653,6586530600,ftp.sra.ebi.ac.uk/vol1/fastq/SRR987/001/SRR9879271/SRR9879271_1.fastq.gz;ftp.sra.ebi.ac.uk/vol1/fastq/SRR987/001/SRR9879271/SRR9879271_2.fastq.gz,fbec15c3e9d980d3779eeecf713084c7;0f2f4e1ccf954b806e16f2d49d868c05,2079790164;2102439143,,GSE135222,ftp.sra.ebi.ac.uk/vol1/fastq/SRR987/001/SRR9879271/SRR9879271_1.fastq.gz,ftp.sra.ebi.ac.uk/vol1/fastq/SRR987/001/SRR9879271/SRR9879271_2.fastq.gz,https://ftp.sra.ebi.ac.uk/vol1/fastq/SRR987/001/SRR9879271/SRR9879271_1.fastq.gz,https://ftp.sra.ebi.ac.uk/vol1/fastq/SRR987/001/SRR9879271/SRR9879271_2.fastq.gz,fbec15c3e9d980d3779eeecf713084c7,0f2f4e1ccf954b806e16f2d49d868c05,2079790164.0,2102439143.0,4.18
SRR9879273,SRX6631831,SAMN12421235,PRJNA557841,GSM3995410,,RNA-Seq,TRANSCRIPTOMIC,cDNA,PAIRED,ILLUMINA,Illumina HiSeq 2500,32776729,6555345800,ftp.sra.ebi.ac.uk/vol1/fastq/SRR987/003/SRR9879273/SRR9879273_1.fastq.gz;ftp.sra.ebi.ac.uk/vol1/fastq/SRR987/003/SRR9879273/SRR9879273_2.fastq.gz,80dca7ebdb38f39796a3260bdf24da94;25b02ba700a0f82fcb608e5bc4c5b04f,1746988143;1794464181,,GSE135222,ftp.sra.ebi.ac.uk/vol1/fastq/SRR987/003/SRR9879273/SRR9879273_1.fastq.gz,ftp.sra.ebi.ac.uk/vol1/fastq/SRR987/003/SRR9879273/SRR9879273_2.fastq.gz,https://ftp.sra.ebi.ac.uk/vol1/fastq/SRR987/003/SRR9879273/SRR9879273_1.fastq.gz,https://ftp.sra.ebi.ac.uk/vol1/fastq/SRR987/003/SRR9879273/SRR9879273_2.fastq.gz,80dca7ebdb38f39796a3260bdf24da94,25b02ba700a0f82fcb608e5bc4c5b04f,1746988143.0,1794464181.0,3.54
SRR9879287,SRX6631845,SAMN12421223,PRJNA557841,GSM3995424,,RNA-Seq,TRANSCRIPTOMIC,cDNA,PAIRED,ILLUMINA,Illumina HiSeq 2500,36941118,7388223600,ftp.sra.ebi.ac.uk/vol1/fastq/SRR987/007/SRR9879287/SRR9879287_1.fastq.gz;ftp.sra.ebi.ac.uk/vol1/fastq/SRR987/007/SRR9879287/SRR9879287_2.fastq.gz,a78aeb10d87e945f498355e709607fc9;62f3a8027411a930b068d4654978183e,1900374152;1933316360,,GSE135222,ftp.sra.ebi.ac.uk/vol1/fastq/SRR987/007/SRR9879287/SRR9879287_1.fastq.gz,ftp.sra.ebi.ac.uk/vol1/fastq/SRR987/007/SRR9879287/SRR9879287_2.fastq.gz,https://ftp.sra.ebi.ac.uk/vol1/fastq/SRR987/007/SRR9879287/SRR9879287_1.fastq.gz,https://ftp.sra.ebi.ac.uk/vol1/fastq/SRR987/007/SRR9879287/SRR9879287_2.fastq.gz,a78aeb10d87e945f498355e709607fc9,62f3a8027411a930b068d4654978183e,1900374152.0,1933316360.0,3.83
SRR11094243,SRX7733066,SAMN14118429,PRJNA606979,GSM4317410,,RNA-Seq,TRANSCRIPTOMIC,cDNA,PAIRED,ILLUMINA,Illumina NovaSeq 6000,363010706,109629233212,ftp.sra.ebi.ac.uk/vol1/fastq/SRR110/043/SRR11094243/SRR11094243_1.fastq.gz;ftp.sra.ebi.ac.uk/vol1/fastq/SRR110/043/SRR11094243/SRR11094243_2.fastq.gz,e24e5d481ef763a79b1313b14ce3169b;52d6243a523cda6fca3f1c3989cd4d3d,23559095039;25763816964,,GSE145370,ftp.sra.ebi.ac.uk/vol1/fastq/SRR110/043/SRR11094243/SRR11094243_1.fastq.gz,ftp.sra.ebi.ac.uk/vol1/fastq/SRR110/043/SRR11094243/SRR11094243_2.fastq.gz,https://ftp.sra.ebi.ac.uk/vol1/fastq/SRR110/043/SRR11094243/SRR11094243_1.fastq.gz,https://ftp.sra.ebi.ac.uk/vol1/fastq/SRR110/043/SRR11094243/SRR11094243_2.fastq.gz,e24e5d481ef763a79b1313b14ce3169b,52d6243a523cda6fca3f1c3989cd4d3d,23559095039.0,25763816964.0,49.32
SRR11094245,SRX7733068,SAMN14118427,PRJNA606979,GSM4317412,,RNA-Seq,TRANSCRIPTOMIC,cDNA,PAIRED,ILLUMINA,Illumina NovaSeq 6000,376371425,113664170350,ftp.sra.ebi.ac.uk/vol1/fastq/SRR110/045/SRR11094245/SRR11094245_1.fastq.gz;ftp.sra.ebi.ac.uk/vol1/fastq/SRR110/045/SRR11094245/SRR11094245_2.fastq.gz,0dea4bbd369d071ff20ef5ebfa641cb3;ce7e3f8519d7a405dffb2917eb0b0d98,26184602956;27878291341,,GSE145370,ftp.sra.ebi.ac.uk/vol1/fastq/SRR110/045/SRR11094245/SRR11094245_1.fastq.gz,ftp.sra.ebi.ac.uk/vol1/fastq/SRR110/045/SRR11094245/SRR11094245_2.fastq.gz,https://ftp.sra.ebi.ac.uk/vol1/fastq/SRR110/045/SRR11094245/SRR11094245_1.fastq.gz,https://ftp.sra.ebi.ac.uk/vol1/fastq/SRR110/045/SRR11094245/SRR11094245_2.fastq.gz,0dea4bbd369d071ff20ef5ebfa641cb3,ce7e3f8519d7a405dffb2917eb0b0d98,26184602956.0,27878291341.0,54.06
SRR11094248,SRX7733069,SAMN14118426,PRJNA606979,GSM4317413,,RNA-Seq,TRANSCRIPTOMIC,cDNA,PAIRED,ILLUMINA,Illumina NovaSeq 6000,50033932,15110247464,ftp.sra.ebi.ac.uk/vol1/fastq/SRR110/048/SRR11094248/SRR11094248_1.fastq.gz;ftp.sra.ebi.ac.uk/vol1/fastq/SRR110/048/SRR11094248/SRR11094248_2.fastq.gz,cdaf5fb3d7dbd463ad7eb589be8587da;426df84ef838542bdb36bcdacecc39d9,3118698596;3318862353,,GSE145370,ftp.sra.ebi.ac.uk/vol1/fastq/SRR110/048/SRR11094248/SRR11094248_1.fastq.gz,ftp.sra.ebi.ac.uk/vol1/fastq/SRR110/048/SRR11094248/SRR11094248_2.fastq.gz,https://ftp.sra.ebi.ac.uk/vol1/fastq/SRR110/048/SRR11094248/SRR11094248_1.fastq.gz,https://ftp.sra.ebi.ac.uk/vol1/fastq/SRR110/048/SRR11094248/SRR11094248_2.fastq.gz,cdaf5fb3d7dbd463ad7eb589be8587da,426df84ef838542bdb36bcdacecc39d9,3118698596.0,3318862353.0,6.44
SRR11094249,SRX7733069,SAMN14118426,PRJNA606979,GSM4317413,,RNA-Seq,TRANSCRIPTOMIC,cDNA,PAIRED,ILLUMINA,Illumina NovaSeq 6000,46842080,14146308160,ftp.sra.ebi.ac.uk/vol1/fastq/SRR110/049/SRR11094249/SRR11094249_1.fastq.gz;ftp.sra.ebi.ac.uk/vol1/fastq/SRR110/049/SRR11094249/SRR11094249_2.fastq.gz,94f05ca45f5fc203e69972493cbe7bc1;4c301a30afd14572e9702179763c5e4c,2909757261;3102598787,,GSE145370,ftp.sra.ebi.ac.uk/vol1/fastq/SRR110/049/SRR11094249/SRR11094249_1.fastq.gz,ftp.sra.ebi.ac.uk/vol1/fastq/SRR110/049/SRR11094249/SRR11094249_2.fastq.gz,https://ftp.sra.ebi.ac.uk/vol1/fastq/SRR110/049/SRR11094249/SRR11094249_1.fastq.gz,https://ftp.sra.ebi.ac.uk/vol1/fastq/SRR110/049/SRR11094249/SRR11094249_2.fastq.gz,94f05ca45f5fc203e69972493cbe7bc1,4c301a30afd14572e9702179763c5e4c,2909757261.0,3102598787.0,6.01
SRR11094253,SRX7733072,SAMN14118423,PRJNA606979,GSM4317416,,RNA-Seq,TRANSCRIPTOMIC,cDNA,PAIRED,ILLUMINA,Illumina NovaSeq 6000,338068454,102096673108,ftp.sra.ebi.ac.uk/vol1/fastq/SRR110/053/SRR11094253/SRR11094253_1.fastq.gz;ftp.sra.ebi.ac.uk/vol1/fastq/SRR110/053/SRR11094253/SRR11094253_2.fastq.gz,d9dd37708af47925e3ddb815d0b49cb8;f35c72c7607f756e002737d986b604a7,18013481532;18537732414,,GSE145370,ftp.sra.ebi.ac.uk/vol1/fastq/SRR110/053/SRR11094253/SRR11094253_1.fastq.gz,ftp.sra.ebi.ac.uk/vol1/fastq/SRR110/053/SRR11094253/SRR11094253_2.fastq.gz,https://ftp.sra.ebi.ac.uk/vol1/fastq/SRR110/053/SRR11094253/SRR11094253_1.fastq.gz,https://ftp.sra.ebi.ac.uk/vol1/fastq/SRR110/053/SRR11094253/SRR11094253_2.fastq.gz,d9dd37708af47925e3ddb815d0b49cb8,f35c72c7607f756e002737d986b604a7,18013481532.0,18537732414.0,36.55
SRR11094247,SRX7733069,SAMN14118426,PRJNA606979,GSM4317413,,RNA-Seq,TRANSCRIPTOMIC,cDNA,PAIRED,ILLUMINA,Illumina NovaSeq 6000,48982761,14792793822,ftp.sra.ebi.ac.uk/vol1/fastq/SRR110/047/SRR11094247/SRR11094247_1.fastq.gz;ftp.sra.ebi.ac.uk/vol1/fastq/SRR110/047/SRR11094247/SRR11094247_2.fastq.gz,9f5c9413e21fa6a607844b0f640ff401;ed8c96ac42a29956f6d6b5ae0e27b8cc,3072631531;3268119692,,GSE145370,ftp.sra.ebi.ac.uk/vol1/fastq/SRR110/047/SRR11094247/SRR11094247_1.fastq.gz,ftp.sra.ebi.ac.uk/vol1/fastq/SRR110/047/SRR11094247/SRR11094247_2.fastq.gz,https://ftp.sra.ebi.ac.uk/vol1/fastq/SRR110/047/SRR11094247/SRR11094247_1.fastq.gz,https://ftp.sra.ebi.ac.uk/vol1/fastq/SRR110/047/SRR11094247/SRR11094247_2.fastq.gz,9f5c9413e21fa6a607844b0f640ff401,ed8c96ac42a29956f6d6b5ae0e27b8cc,3072631531.0,3268119692.0,6.34
SRR11094255,SRX7733074,SAMN14118421,PRJNA606979,GSM4317418,,RNA-Seq,TRANSCRIPTOMIC,cDNA,PAIRED,ILLUMINA,Illumina NovaSeq 6000,385772740,116503367480,ftp.sra.ebi.ac.uk/vol1/fastq/SRR110/055/SRR11094255/SRR11094255_1.fastq.gz;ftp.sra.ebi.ac.uk/vol1/fastq/SRR110/055/SRR11094255/SRR11094255_2.fastq.gz,ccb26d6d6fae480fb83e122d6c02ee83;d2ca39525068705435944a5eefa5dc83,25292368249;27931116286,,GSE145370,ftp.sra.ebi.ac.uk/vol1/fastq/SRR110/055/SRR11094255/SRR11094255_1.fastq.gz,ftp.sra.ebi.ac.uk/vol1/fastq/SRR110/055/SRR11094255/SRR11094255_2.fastq.gz,https://ftp.sra.ebi.ac.uk/vol1/fastq/SRR110/055/SRR11094255/SRR11094255_1.fastq.gz,https://ftp.sra.ebi.ac.uk/vol1/fastq/SRR110/055/SRR11094255/SRR11094255_2.fastq.gz,ccb26d6d6fae480fb83e122d6c02ee83,d2ca39525068705435944a5eefa5dc83,25292368249.0,27931116286.0,53.22
SRR11094258,SRX7733077,SAMN14118418,PRJNA606979,GSM4317421,,RNA-Seq,TRANSCRIPTOMIC,cDNA,PAIRED,ILLUMINA,Illumina NovaSeq 6000,365932847,110511719794,ftp.sra.ebi.ac.uk/vol1/fastq/SRR110/058/SRR11094258/SRR11094258_1.fastq.gz;ftp.sra.ebi.ac.uk/vol1/fastq/SRR110/058/SRR11094258/SRR11094258_2.fastq.gz,4d8e3060442dda22a37c8b282e4ad815;51baf4db61210a79b6bd766d2ccb8cc4,23933968904;26345692261,,GSE145370,ftp.sra.ebi.ac.uk/vol1/fastq/SRR110/058/SRR11094258/SRR11094258_1.fastq.gz,ftp.sra.ebi.ac.uk/vol1/fastq/SRR110/058/SRR11094258/SRR11094258_2.fastq.gz,https://ftp.sra.ebi.ac.uk/vol1/fastq/SRR110/058/SRR11094258/SRR11094258_1.fastq.gz,https://ftp.sra.ebi.ac.uk/vol1/fastq/SRR110/058/SRR11094258/SRR11094258_2.fastq.gz,4d8e3060442dda22a37c8b282e4ad815,51baf4db61210a79b6bd766d2ccb8cc4,23933968904.0,26345692261.0,50.28
SRR11094251,SRX7733070,SAMN14118425,PRJNA606979,GSM4317414,,RNA-Seq,TRANSCRIPTOMIC,cDNA,PAIRED,ILLUMINA,Illumina NovaSeq 6000,350108172,105732667944,ftp.sra.ebi.ac.uk/vol1/fastq/SRR110/051/SRR11094251/SRR11094251_1.fastq.gz;ftp.sra.ebi.ac.uk/vol1/fastq/SRR110/051/SRR11094251/SRR11094251_2.fastq.gz,02b9eb1dd1dc04c4fbeaf20865f16a8b;5736bc872626db31086db81e8786ab09,23484900893;25588436675,,GSE145370,ftp.sra.ebi.ac.uk/vol1/fastq/SRR110/051/SRR11094251/SRR11094251_1.fastq.gz,ftp.sra.ebi.ac.uk/vol1/fastq/SRR110/051/SRR11094251/SRR11094251_2.fastq.gz,https://ftp.sra.ebi.ac.uk/vol1/fastq/SRR110/051/SRR11094251/SRR11094251_1.fastq.gz,https://ftp.sra.ebi.ac.uk/vol1/fastq/SRR110/051/SRR11094251/SRR11094251_2.fastq.gz,02b9eb1dd1dc04c4fbeaf20865f16a8b,5736bc872626db31086db81e8786ab09,23484900893.0,25588436675.0,49.07
SRR11094254,SRX7733073,SAMN14118422,PRJNA606979,GSM4317417,,RNA-Seq,TRANSCRIPTOMIC,cDNA,PAIRED,ILLUMINA,Illumina NovaSeq 6000,336981942,101768546484,ftp.sra.ebi.ac.uk/vol1/fastq/SRR110/054/SRR11094254/SRR11094254_1.fastq.gz;ftp.sra.ebi.ac.uk/vol1/fastq/SRR110/054/SRR11094254/SRR11094254_2.fastq.gz,a1d7e47b9140ef06c621d0f35d4e7fea;0428280e4a2bf119ca4fd0eb824cc8d1,17750134627;18445331586,,GSE145370,ftp.sra.ebi.ac.uk/vol1/fastq/SRR110/054/SRR11094254/SRR11094254_1.fastq.gz,ftp.sra.ebi.ac.uk/vol1/fastq/SRR110/054/SRR11094254/SRR11094254_2.fastq.gz,https://ftp.sra.ebi.ac.uk/vol1/fastq/SRR110/054/SRR11094254/SRR11094254_1.fastq.gz,https://ftp.sra.ebi.ac.uk/vol1/fastq/SRR110/054/SRR11094254/SRR11094254_2.fastq.gz,a1d7e47b9140ef06c621d0f35d4e7fea,0428280e4a2bf119ca4fd0eb824cc8d1,25261477126.0,27337923841.0,52.6
SRR11094256,SRX7733075,SAMN14118420,PRJNA606979,GSM4317419,,RNA-Seq,TRANSCRIPTOMIC,cDNA,PAIRED,ILLUMINA,Illumina NovaSeq 6000,362997377,109625207854,ftp.sra.ebi.ac.uk/vol1/fastq/SRR110/056/SRR11094256/SRR11094256_1.fastq.gz;ftp.sra.ebi.ac.uk/vol1/fastq/SRR110/056/SRR11094256/SRR11094256_2.fastq.gz,e3d7ef00082c672b294d821a9d2f253d;adefaee73c8b842a7844be259fb74ed6,25261477126;27337923841,,GSE145370,ftp.sra.ebi.ac.uk/vol1/fastq/SRR110/056/SRR11094256/SRR11094256_1.fastq.gz,ftp.sra.ebi.ac.uk/vol1/fastq/SRR110/056/SRR11094256/SRR11094256_2.fastq.gz,https://ftp.sra.ebi.ac.uk/vol1/fastq/SRR110/056/SRR11094256/SRR11094256_1.fastq.gz,https://ftp.sra.ebi.ac.uk/vol1/fastq/SRR110/056/SRR11094256/SRR11094256_2.fastq.gz,e3d7ef00082c672b294d821a9d2f253d,adefaee73c8b842a7844be259fb74ed6,25431773518.0,26656636908.0,52.09
SRR11094242,SRX7733065,SAMN14118430,PRJNA606979,GSM4317409,,RNA-Seq,TRANSCRIPTOMIC,cDNA,PAIRED,ILLUMINA,Illumina NovaSeq 6000,345812670,104435426340,ftp.sra.ebi.ac.uk/vol1/fastq/SRR110/042/SRR11094242/SRR11094242_1.fastq.gz;ftp.sra.ebi.ac.uk/vol1/fastq/SRR110/042/SRR11094242/SRR11094242_2.fastq.gz,ba513c57c1abc746666c02863663adbb;bb1fd45eaae6117d79332c4aa7592784,22659407564;24302507784,,GSE145370,ftp.sra.ebi.ac.uk/vol1/fastq/SRR110/042/SRR11094242/SRR11094242_1.fastq.gz,ftp.sra.ebi.ac.uk/vol1/fastq/SRR110/042/SRR11094242/SRR11094242_2.fastq.gz,https://ftp.sra.ebi.ac.uk/vol1/fastq/SRR110/042/SRR11094242/SRR11094242_1.fastq.gz,https://ftp.sra.ebi.ac.uk/vol1/fastq/SRR110/042/SRR11094242/SRR11094242_2.fastq.gz,ba513c57c1abc746666c02863663adbb,bb1fd45eaae6117d79332c4aa7592784,,,
SRR11094244,SRX7733067,SAMN14118428,PRJNA606979,GSM4317411,,RNA-Seq,TRANSCRIPTOMIC,cDNA,PAIRED,ILLUMINA,Illumina NovaSeq 6000,481677740,145466677480,ftp.sra.ebi.ac.uk/vol1/fastq/SRR110/044/SRR11094244/SRR11094244_1.fastq.gz;ftp.sra.ebi.ac.uk/vol1/fastq/SRR110/044/SRR11094244/SRR11094244_2.fastq.gz,94c2c4208e1ee61557031786b864622c;a1cc52253ba2c6e0c6364089b7e8122b,25431773518;26656636908,,GSE145370,ftp.sra.ebi.ac.uk/vol1/fastq/SRR110/044/SRR11094244/SRR11094244_1.fastq.gz,ftp.sra.ebi.ac.uk/vol1/fastq/SRR110/044/SRR11094244/SRR11094244_2.fastq.gz,https://ftp.sra.ebi.ac.uk/vol1/fastq/SRR110/044/SRR11094244/SRR11094244_1.fastq.gz,https://ftp.sra.ebi.ac.uk/vol1/fastq/SRR110/044/SRR11094244/SRR11094244_2.fastq.gz,94c2c4208e1ee61557031786b864622c,a1cc52253ba2c6e0c6364089b7e8122b,,,
SRR11094246,SRX7733069,SAMN14118426,PRJNA606979,GSM4317413,,RNA-Seq,TRANSCRIPTOMIC,cDNA,PAIRED,ILLUMINA,Illumina NovaSeq 6000,199430909,60228134518,ftp.sra.ebi.ac.uk/vol1/fastq/SRR110/046/SRR11094246/SRR11094246_1.fastq.gz;ftp.sra.ebi.ac.uk/vol1/fastq/SRR110/046/SRR11094246/SRR11094246_2.fastq.gz,16dbf776c35ee2bf4ad4ae8cd590682f;018564a5dd8c3dbde29e0930cc7709b9,13509242569;14737900299,,GSE145370,ftp.sra.ebi.ac.uk/vol1/fastq/SRR110/046/SRR11094246/SRR11094246_1.fastq.gz,ftp.sra.ebi.ac.uk/vol1/fastq/SRR110/046/SRR11094246/SRR11094246_2.fastq.gz,https://ftp.sra.ebi.ac.uk/vol1/fastq/SRR110/046/SRR11094246/SRR11094246_1.fastq.gz,https://ftp.sra.ebi.ac.uk/vol1/fastq/SRR110/046/SRR11094246/SRR11094246_2.fastq.gz,16dbf776c35ee2bf4ad4ae8cd590682f,018564a5dd8c3dbde29e0930cc7709b9,,,
SRR11094250,SRX7733069,SAMN14118426,PRJNA606979,GSM4317413,,RNA-Seq,TRANSCRIPTOMIC,cDNA,PAIRED,ILLUMINA,Illumina NovaSeq 6000,48853576,14753779952,ftp.sra.ebi.ac.uk/vol1/fastq/SRR110/050/SRR11094250/SRR11094250_1.fastq.gz;ftp.sra.ebi.ac.uk/vol1/fastq/SRR110/050/SRR11094250/SRR11094250_2.fastq.gz,ef08ccef424c3e0b66de46b63966b006;5dee5372d966ec475c0bae5ad7139813,3058834821;3261319196,,GSE145370,ftp.sra.ebi.ac.uk/vol1/fastq/SRR110/050/SRR11094250/SRR11094250_1.fastq.gz,ftp.sra.ebi.ac.uk/vol1/fastq/SRR110/050/SRR11094250/SRR11094250_2.fastq.gz,https://ftp.sra.ebi.ac.uk/vol1/fastq/SRR110/050/SRR11094250/SRR11094250_1.fastq.gz,https://ftp.sra.ebi.ac.uk/vol1/fastq/SRR110/050/SRR11094250/SRR11094250_2.fastq.gz,ef08ccef424c3e0b66de46b63966b006,5dee5372d966ec475c0bae5ad7139813,,,
SRR11094252,SRX7733071,SAMN14118424,PRJNA606979,GSM4317415,,RNA-Seq,TRANSCRIPTOMIC,cDNA,PAIRED,ILLUMINA,Illumina NovaSeq 6000,411634345,124313572190,ftp.sra.ebi.ac.uk/vol1/fastq/SRR110/052/SRR11094252/SRR11094252_1.fastq.gz;ftp.sra.ebi.ac.uk/vol1/fastq/SRR110/052/SRR11094252/SRR11094252_2.fastq.gz,183b418c4cea66606d38d2083df7d9fe;42ea50c6b7c0ef89d4181ab371e17480,29796986488;28920921910,,GSE145370,ftp.sra.ebi.ac.uk/vol1/fastq/SRR110/052/SRR11094252/SRR11094252_1.fastq.gz,ftp.sra.ebi.ac.uk/vol1/fastq/SRR110/052/SRR11094252/SRR11094252_2.fastq.gz,https://ftp.sra.ebi.ac.uk/vol1/fastq/SRR110/052/SRR11094252/SRR11094252_1.fastq.gz,https://ftp.sra.ebi.ac.uk/vol1/fastq/SRR110/052/SRR11094252/SRR11094252_2.fastq.gz,183b418c4cea66606d38d2083df7d9fe,42ea50c6b7c0ef89d4181ab371e17480,,,
SRR11094257,SRX7733076,SAMN14118419,PRJNA606979,GSM4317420,,RNA-Seq,TRANSCRIPTOMIC,cDNA,PAIRED,ILLUMINA,Illumina NovaSeq 6000,442589259,133661956218,ftp.sra.ebi.ac.uk/vol1/fastq/SRR110/057/SRR11094257/SRR11094257_1.fastq.gz;ftp.sra.ebi.ac.uk/vol1/fastq/SRR110/057/SRR11094257/SRR11094257_2.fastq.gz,f148c76636898cf8b14cb4dc394dfc37;6bb5de3af1ffbe9711eb1bff951af420,30073554508;32439513275,,GSE145370,ftp.sra.ebi.ac.uk/vol1/fastq/SRR110/057/SRR11094257/SRR11094257_1.fastq.gz,ftp.sra.ebi.ac.uk/vol1/fastq/SRR110/057/SRR11094257/SRR11094257_2.fastq.gz,https://ftp.sra.ebi.ac.uk/vol1/fastq/SRR110/057/SRR11094257/SRR11094257_1.fastq.gz,https://ftp.sra.ebi.ac.uk/vol1/fastq/SRR110/057/SRR11094257/SRR11094257_2.fastq.gz,f148c76636898cf8b14cb4dc394dfc37,6bb5de3af1ffbe9711eb1bff951af420,,,
SRR11094259,SRX7733078,SAMN14118417,PRJNA606979,GSM4317422,,RNA-Seq,TRANSCRIPTOMIC,cDNA,PAIRED,ILLUMINA,Illumina NovaSeq 6000,371270343,112123643586,ftp.sra.ebi.ac.uk/vol1/fastq/SRR110/059/SRR11094259/SRR11094259_1.fastq.gz;ftp.sra.ebi.ac.uk/vol1/fastq/SRR110/059/SRR11094259/SRR11094259_2.fastq.gz,0754c249b6b801446a9afb5d756c302b;f81caab8f16810a4bf2819f9a5e01097,24138290713;26321042322,,GSE145370,ftp.sra.ebi.ac.uk/vol1/fastq/SRR110/059/SRR11094259/SRR11094259_1.fastq.gz,ftp.sra.ebi.ac.uk/vol1/fastq/SRR110/059/SRR11094259/SRR11094259_2.fastq.gz,https://ftp.sra.ebi.ac.uk/vol1/fastq/SRR110/059/SRR11094259/SRR11094259_1.fastq.gz,https://ftp.sra.ebi.ac.uk/vol1/fastq/SRR110/059/SRR11094259/SRR11094259_2.fastq.gz,0754c249b6b801446a9afb5d756c302b,f81caab8f16810a4bf2819f9a5e01097,,,
